package,filename,version,is_wheel,has_attestation,provenance_url
aiobotocore,aiobotocore-3.1.3-0-py3-none-any.whl,3.1.3,Yes,Yes,https://packages.redhat.com/pypi/public-trusted-libraries/main/integrity/aiobotocore/3.1.3/aiobotocore-3.1.3-0-py3-none-any.whl/provenance/
aiobotocore,aiobotocore-3.1.3.tar.gz,3.1.3,No,Yes,https://packages.redhat.com/pypi/public-trusted-libraries/main/integrity/aiobotocore/3.1.3/aiobotocore-3.1.3.tar.gz/provenance/
aiobotocore,aiobotocore-3.2.0-0-py3-none-any.whl,3.2.0,Yes,Yes,https://packages.redhat.com/pypi/public-trusted-libraries/main/integrity/aiobotocore/3.2.0/aiobotocore-3.2.0-0-py3-none-any.whl/provenance/
aiobotocore,aiobotocore-3.2.0.tar.gz,3.2.0,No,Yes,https://packages.redhat.com/pypi/public-trusted-libraries/main/integrity/aiobotocore/3.2.0/aiobotocore-3.2.0.tar.gz/provenance/
aiofiles,aiofiles-25.1.0-0-py3-none-any.whl,25.1.0,Yes,Yes,https://packages.redhat.com/pypi/public-trusted-libraries/main/integrity/aiofiles/25.1.0/aiofiles-25.1.0-0-py3-none-any.whl/provenance/
aiofiles,aiofiles-25.1.0.tar.gz,25.1.0,No,Yes,https://packages.redhat.com/pypi/public-trusted-libraries/main/integrity/aiofiles/25.1.0/aiofiles-25.1.0.tar.gz/provenance/
aiohappyeyeballs,aiohappyeyeballs-2.6.1-0-py3-none-any.whl,2.6.1,Yes,Yes,https://packages.redhat.com/pypi/public-trusted-libraries/main/integrity/aiohappyeyeballs/2.6.1/aiohappyeyeballs-2.6.1-0-py3-none-any.whl/provenance/
aiohappyeyeballs,aiohappyeyeballs-2.6.1.tar.gz,2.6.1,No,Yes,https://packages.redhat.com/pypi/public-trusted-libraries/main/integrity/aiohappyeyeballs/2.6.1/aiohappyeyeballs-2.6.1.tar.gz/provenance/
aiohttp,aiohttp-3.13.3-0-cp312-cp312-manylinux2014_x86_64.manylinux_2_17_x86_64.manylinux_2_28_x86_64.whl,3.13.3,Yes,Yes,https://packages.redhat.com/pypi/public-trusted-libraries/main/integrity/aiohttp/3.13.3/aiohttp-3.13.3-0-cp312-cp312-manylinux2014_x86_64.manylinux_2_17_x86_64.manylinux_2_28_x86_64.whl/provenance/
aiohttp,aiohttp-3.13.3.tar.gz,3.13.3,No,Yes,https://packages.redhat.com/pypi/public-trusted-libraries/main/integrity/aiohttp/3.13.3/aiohttp-3.13.3.tar.gz/provenance/
aioitertools,aioitertools-0.13.0-0-py3-none-any.whl,0.13.0,Yes,Yes,https://packages.redhat.com/pypi/public-trusted-libraries/main/integrity/aioitertools/0.13.0/aioitertools-0.13.0-0-py3-none-any.whl/provenance/
aioitertools,aioitertools-0.13.0.tar.gz,0.13.0,No,Yes,https://packages.redhat.com/pypi/public-trusted-libraries/main/integrity/aioitertools/0.13.0/aioitertools-0.13.0.tar.gz/provenance/
aiosignal,aiosignal-1.4.0-0-py3-none-any.whl,1.4.0,Yes,Yes,https://packages.redhat.com/pypi/public-trusted-libraries/main/integrity/aiosignal/1.4.0/aiosignal-1.4.0-0-py3-none-any.whl/provenance/
aiosignal,aiosignal-1.4.0.tar.gz,1.4.0,No,Yes,https://packages.redhat.com/pypi/public-trusted-libraries/main/integrity/aiosignal/1.4.0/aiosignal-1.4.0.tar.gz/provenance/
alembic,alembic-1.18.4-0-py3-none-any.whl,1.18.4,Yes,Yes,https://packages.redhat.com/pypi/public-trusted-libraries/main/integrity/alembic/1.18.4/alembic-1.18.4-0-py3-none-any.whl/provenance/
alembic,alembic-1.18.4.tar.gz,1.18.4,No,Yes,https://packages.redhat.com/pypi/public-trusted-libraries/main/integrity/alembic/1.18.4/alembic-1.18.4.tar.gz/provenance/
amqp,amqp-5.3.1.tar.gz,5.3.1,No,Yes,https://packages.redhat.com/pypi/public-trusted-libraries/main/integrity/amqp/5.3.1/amqp-5.3.1.tar.gz/provenance/
amqp,amqp-5.3.1-0-py3-none-any.whl,5.3.1,Yes,Yes,https://packages.redhat.com/pypi/public-trusted-libraries/main/integrity/amqp/5.3.1/amqp-5.3.1-0-py3-none-any.whl/provenance/
anchore-syft,anchore_syft-1.18.1-0-py2.py3-none-manylinux1_x86_64.manylinux_2_28_x86_64.manylinux_2_5_x86_64.whl,1.18.1,Yes,Yes,https://packages.redhat.com/pypi/public-trusted-libraries/main/integrity/anchore-syft/1.18.1/anchore_syft-1.18.1-0-py2.py3-none-manylinux1_x86_64.manylinux_2_28_x86_64.manylinux_2_5_x86_64.whl/provenance/
anchore-syft,anchore-syft-1.18.1.tar.gz,1.18.1,No,Yes,https://packages.redhat.com/pypi/public-trusted-libraries/main/integrity/anchore-syft/1.18.1/anchore-syft-1.18.1.tar.gz/provenance/
annotated-doc,annotated_doc-0.0.4-0-py3-none-any.whl,0.0.4,Yes,Yes,https://packages.redhat.com/pypi/public-trusted-libraries/main/integrity/annotated-doc/0.0.4/annotated_doc-0.0.4-0-py3-none-any.whl/provenance/
annotated-doc,annotated-doc-0.0.4.tar.gz,0.0.4,No,Yes,https://packages.redhat.com/pypi/public-trusted-libraries/main/integrity/annotated-doc/0.0.4/annotated-doc-0.0.4.tar.gz/provenance/
annotated-types,annotated_types-0.7.0-0-py3-none-any.whl,0.7.0,Yes,Yes,https://packages.redhat.com/pypi/public-trusted-libraries/main/integrity/annotated-types/0.7.0/annotated_types-0.7.0-0-py3-none-any.whl/provenance/
annotated-types,annotated-types-0.7.0.tar.gz,0.7.0,No,Yes,https://packages.redhat.com/pypi/public-trusted-libraries/main/integrity/annotated-types/0.7.0/annotated-types-0.7.0.tar.gz/provenance/
anyio,anyio-4.12.1-0-py3-none-any.whl,4.12.1,Yes,Yes,https://packages.redhat.com/pypi/public-trusted-libraries/main/integrity/anyio/4.12.1/anyio-4.12.1-0-py3-none-any.whl/provenance/
anyio,anyio-4.12.1.tar.gz,4.12.1,No,Yes,https://packages.redhat.com/pypi/public-trusted-libraries/main/integrity/anyio/4.12.1/anyio-4.12.1.tar.gz/provenance/
apispec,apispec-6.9.0.tar.gz,6.9.0,No,Yes,https://packages.redhat.com/pypi/public-trusted-libraries/main/integrity/apispec/6.9.0/apispec-6.9.0.tar.gz/provenance/
apispec,apispec-6.9.0-0-py3-none-any.whl,6.9.0,Yes,Yes,https://packages.redhat.com/pypi/public-trusted-libraries/main/integrity/apispec/6.9.0/apispec-6.9.0-0-py3-none-any.whl/provenance/
appdirs,appdirs-1.4.4-0-py2.py3-none-any.whl,1.4.4,Yes,Yes,https://packages.redhat.com/pypi/public-trusted-libraries/main/integrity/appdirs/1.4.4/appdirs-1.4.4-0-py2.py3-none-any.whl/provenance/
appdirs,appdirs-1.4.4.tar.gz,1.4.4,No,Yes,https://packages.redhat.com/pypi/public-trusted-libraries/main/integrity/appdirs/1.4.4/appdirs-1.4.4.tar.gz/provenance/
apscheduler,apscheduler-3.11.2-0-py3-none-any.whl,3.11.2,Yes,Yes,https://packages.redhat.com/pypi/public-trusted-libraries/main/integrity/apscheduler/3.11.2/apscheduler-3.11.2-0-py3-none-any.whl/provenance/
apscheduler,apscheduler-3.11.2.tar.gz,3.11.2,No,Yes,https://packages.redhat.com/pypi/public-trusted-libraries/main/integrity/apscheduler/3.11.2/apscheduler-3.11.2.tar.gz/provenance/
argcomplete,argcomplete-3.6.3-0-py3-none-any.whl,3.6.3,Yes,Yes,https://packages.redhat.com/pypi/public-trusted-libraries/main/integrity/argcomplete/3.6.3/argcomplete-3.6.3-0-py3-none-any.whl/provenance/
argcomplete,argcomplete-3.6.3.tar.gz,3.6.3,No,Yes,https://packages.redhat.com/pypi/public-trusted-libraries/main/integrity/argcomplete/3.6.3/argcomplete-3.6.3.tar.gz/provenance/
arrow,arrow-1.4.0-0-py3-none-any.whl,1.4.0,Yes,Yes,https://packages.redhat.com/pypi/public-trusted-libraries/main/integrity/arrow/1.4.0/arrow-1.4.0-0-py3-none-any.whl/provenance/
arrow,arrow-1.4.0.tar.gz,1.4.0,No,Yes,https://packages.redhat.com/pypi/public-trusted-libraries/main/integrity/arrow/1.4.0/arrow-1.4.0.tar.gz/provenance/
asgiref,asgiref-3.11.1-0-py3-none-any.whl,3.11.1,Yes,Yes,https://packages.redhat.com/pypi/public-trusted-libraries/main/integrity/asgiref/3.11.1/asgiref-3.11.1-0-py3-none-any.whl/provenance/
asgiref,asgiref-3.11.1.tar.gz,3.11.1,No,Yes,https://packages.redhat.com/pypi/public-trusted-libraries/main/integrity/asgiref/3.11.1/asgiref-3.11.1.tar.gz/provenance/
asttokens,asttokens-3.0.1-0-py3-none-any.whl,3.0.1,Yes,Yes,https://packages.redhat.com/pypi/public-trusted-libraries/main/integrity/asttokens/3.0.1/asttokens-3.0.1-0-py3-none-any.whl/provenance/
asttokens,asttokens-3.0.1.tar.gz,3.0.1,No,Yes,https://packages.redhat.com/pypi/public-trusted-libraries/main/integrity/asttokens/3.0.1/asttokens-3.0.1.tar.gz/provenance/
async-lru,async_lru-2.1.0-0-py3-none-any.whl,2.1.0,Yes,Yes,https://packages.redhat.com/pypi/public-trusted-libraries/main/integrity/async-lru/2.1.0/async_lru-2.1.0-0-py3-none-any.whl/provenance/
async-lru,async-lru-2.1.0.tar.gz,2.1.0,No,Yes,https://packages.redhat.com/pypi/public-trusted-libraries/main/integrity/async-lru/2.1.0/async-lru-2.1.0.tar.gz/provenance/
async-timeout,async_timeout-5.0.1-0-py3-none-any.whl,5.0.1,Yes,Yes,https://packages.redhat.com/pypi/public-trusted-libraries/main/integrity/async-timeout/5.0.1/async_timeout-5.0.1-0-py3-none-any.whl/provenance/
async-timeout,async-timeout-5.0.1.tar.gz,5.0.1,No,Yes,https://packages.redhat.com/pypi/public-trusted-libraries/main/integrity/async-timeout/5.0.1/async-timeout-5.0.1.tar.gz/provenance/
attrs,attrs-25.4.0.tar.gz,25.4.0,No,Yes,https://packages.redhat.com/pypi/public-trusted-libraries/main/integrity/attrs/25.4.0/attrs-25.4.0.tar.gz/provenance/
attrs,attrs-25.4.0-0-py3-none-any.whl,25.4.0,Yes,Yes,https://packages.redhat.com/pypi/public-trusted-libraries/main/integrity/attrs/25.4.0/attrs-25.4.0-0-py3-none-any.whl/provenance/
awscli,awscli-1.44.35-0-py3-none-any.whl,1.44.35,Yes,Yes,https://packages.redhat.com/pypi/public-trusted-libraries/main/integrity/awscli/1.44.35/awscli-1.44.35-0-py3-none-any.whl/provenance/
awscli,awscli-1.44.35.tar.gz,1.44.35,No,Yes,https://packages.redhat.com/pypi/public-trusted-libraries/main/integrity/awscli/1.44.35/awscli-1.44.35.tar.gz/provenance/
azure-common,azure-common-1.1.28.tar.gz,1.1.28,No,Yes,https://packages.redhat.com/pypi/public-trusted-libraries/main/integrity/azure-common/1.1.28/azure-common-1.1.28.tar.gz/provenance/
azure-common,azure_common-1.1.28-0-py2.py3-none-any.whl,1.1.28,Yes,Yes,https://packages.redhat.com/pypi/public-trusted-libraries/main/integrity/azure-common/1.1.28/azure_common-1.1.28-0-py2.py3-none-any.whl/provenance/
babel,babel-2.18.0-0-py3-none-any.whl,2.18.0,Yes,Yes,https://packages.redhat.com/pypi/public-trusted-libraries/main/integrity/babel/2.18.0/babel-2.18.0-0-py3-none-any.whl/provenance/
babel,babel-2.18.0.tar.gz,2.18.0,No,Yes,https://packages.redhat.com/pypi/public-trusted-libraries/main/integrity/babel/2.18.0/babel-2.18.0.tar.gz/provenance/
babel,Babel-2.18.0.tar.gz,2.18.0,No,Yes,https://packages.redhat.com/pypi/public-trusted-libraries/main/integrity/babel/2.18.0/Babel-2.18.0.tar.gz/provenance/
backoff,backoff-2.2.1-0-py3-none-any.whl,2.2.1,Yes,Yes,https://packages.redhat.com/pypi/public-trusted-libraries/main/integrity/backoff/2.2.1/backoff-2.2.1-0-py3-none-any.whl/provenance/
backoff,backoff-2.2.1.tar.gz,2.2.1,No,Yes,https://packages.redhat.com/pypi/public-trusted-libraries/main/integrity/backoff/2.2.1/backoff-2.2.1.tar.gz/provenance/
bandit,bandit-1.9.3-0-py3-none-any.whl,1.9.3,Yes,Yes,https://packages.redhat.com/pypi/public-trusted-libraries/main/integrity/bandit/1.9.3/bandit-1.9.3-0-py3-none-any.whl/provenance/
bandit,bandit-1.9.3.tar.gz,1.9.3,No,Yes,https://packages.redhat.com/pypi/public-trusted-libraries/main/integrity/bandit/1.9.3/bandit-1.9.3.tar.gz/provenance/
bidict,bidict-0.23.1.tar.gz,0.23.1,No,Yes,https://packages.redhat.com/pypi/public-trusted-libraries/main/integrity/bidict/0.23.1/bidict-0.23.1.tar.gz/provenance/
bidict,bidict-0.23.1-0-py3-none-any.whl,0.23.1,Yes,Yes,https://packages.redhat.com/pypi/public-trusted-libraries/main/integrity/bidict/0.23.1/bidict-0.23.1-0-py3-none-any.whl/provenance/
billiard,billiard-4.2.4.tar.gz,4.2.4,No,Yes,https://packages.redhat.com/pypi/public-trusted-libraries/main/integrity/billiard/4.2.4/billiard-4.2.4.tar.gz/provenance/
billiard,billiard-4.2.4-0-py3-none-any.whl,4.2.4,Yes,Yes,https://packages.redhat.com/pypi/public-trusted-libraries/main/integrity/billiard/4.2.4/billiard-4.2.4-0-py3-none-any.whl/provenance/
bleach,bleach-6.3.0-0-py3-none-any.whl,6.3.0,Yes,Yes,https://packages.redhat.com/pypi/public-trusted-libraries/main/integrity/bleach/6.3.0/bleach-6.3.0-0-py3-none-any.whl/provenance/
bleach,bleach-6.3.0.tar.gz,6.3.0,No,Yes,https://packages.redhat.com/pypi/public-trusted-libraries/main/integrity/bleach/6.3.0/bleach-6.3.0.tar.gz/provenance/
blinker,blinker-1.9.0-0-py3-none-any.whl,1.9.0,Yes,Yes,https://packages.redhat.com/pypi/public-trusted-libraries/main/integrity/blinker/1.9.0/blinker-1.9.0-0-py3-none-any.whl/provenance/
blinker,blinker-1.9.0.tar.gz,1.9.0,No,Yes,https://packages.redhat.com/pypi/public-trusted-libraries/main/integrity/blinker/1.9.0/blinker-1.9.0.tar.gz/provenance/
boltons,boltons-25.0.0.tar.gz,25.0.0,No,Yes,https://packages.redhat.com/pypi/public-trusted-libraries/main/integrity/boltons/25.0.0/boltons-25.0.0.tar.gz/provenance/
boltons,boltons-25.0.0-0-py3-none-any.whl,25.0.0,Yes,Yes,https://packages.redhat.com/pypi/public-trusted-libraries/main/integrity/boltons/25.0.0/boltons-25.0.0-0-py3-none-any.whl/provenance/
boto3,boto3-1.42.49-0-py3-none-any.whl,1.42.49,Yes,Yes,https://packages.redhat.com/pypi/public-trusted-libraries/main/integrity/boto3/1.42.49/boto3-1.42.49-0-py3-none-any.whl/provenance/
boto3,boto3-1.42.49.tar.gz,1.42.49,No,Yes,https://packages.redhat.com/pypi/public-trusted-libraries/main/integrity/boto3/1.42.49/boto3-1.42.49.tar.gz/provenance/
botocore,botocore-1.42.49-0-py3-none-any.whl,1.42.49,Yes,Yes,https://packages.redhat.com/pypi/public-trusted-libraries/main/integrity/botocore/1.42.49/botocore-1.42.49-0-py3-none-any.whl/provenance/
botocore,botocore-1.42.51-0-py3-none-any.whl,1.42.51,Yes,Yes,https://packages.redhat.com/pypi/public-trusted-libraries/main/integrity/botocore/1.42.51/botocore-1.42.51-0-py3-none-any.whl/provenance/
botocore,botocore-1.42.55-0-py3-none-any.whl,1.42.55,Yes,Yes,https://packages.redhat.com/pypi/public-trusted-libraries/main/integrity/botocore/1.42.55/botocore-1.42.55-0-py3-none-any.whl/provenance/
botocore,botocore-1.42.49.tar.gz,1.42.49,No,Yes,https://packages.redhat.com/pypi/public-trusted-libraries/main/integrity/botocore/1.42.49/botocore-1.42.49.tar.gz/provenance/
botocore,botocore-1.42.51.tar.gz,1.42.51,No,Yes,https://packages.redhat.com/pypi/public-trusted-libraries/main/integrity/botocore/1.42.51/botocore-1.42.51.tar.gz/provenance/
botocore,botocore-1.42.55.tar.gz,1.42.55,No,Yes,https://packages.redhat.com/pypi/public-trusted-libraries/main/integrity/botocore/1.42.55/botocore-1.42.55.tar.gz/provenance/
botocore,botocore-1.42.45-0-py3-none-any.whl,1.42.45,Yes,Yes,https://packages.redhat.com/pypi/public-trusted-libraries/main/integrity/botocore/1.42.45/botocore-1.42.45-0-py3-none-any.whl/provenance/
botocore,botocore-1.42.45.tar.gz,1.42.45,No,Yes,https://packages.redhat.com/pypi/public-trusted-libraries/main/integrity/botocore/1.42.45/botocore-1.42.45.tar.gz/provenance/
build,build-1.4.0.tar.gz,1.4.0,No,Yes,https://packages.redhat.com/pypi/public-trusted-libraries/main/integrity/build/1.4.0/build-1.4.0.tar.gz/provenance/
build,build-1.4.0-0-py3-none-any.whl,1.4.0,Yes,Yes,https://packages.redhat.com/pypi/public-trusted-libraries/main/integrity/build/1.4.0/build-1.4.0-0-py3-none-any.whl/provenance/
cachetools,cachetools-7.0.1-0-py3-none-any.whl,7.0.1,Yes,Yes,https://packages.redhat.com/pypi/public-trusted-libraries/main/integrity/cachetools/7.0.1/cachetools-7.0.1-0-py3-none-any.whl/provenance/
cachetools,cachetools-7.0.1.tar.gz,7.0.1,No,Yes,https://packages.redhat.com/pypi/public-trusted-libraries/main/integrity/cachetools/7.0.1/cachetools-7.0.1.tar.gz/provenance/
calver,calver-2025.10.20.tar.gz,2025.10.20,No,Yes,https://packages.redhat.com/pypi/public-trusted-libraries/main/integrity/calver/2025.10.20/calver-2025.10.20.tar.gz/provenance/
calver,calver-2025.10.20-0-py3-none-any.whl,2025.10.20,Yes,Yes,https://packages.redhat.com/pypi/public-trusted-libraries/main/integrity/calver/2025.10.20/calver-2025.10.20-0-py3-none-any.whl/provenance/
cattrs,cattrs-26.1.0-0-py3-none-any.whl,26.1.0,Yes,Yes,https://packages.redhat.com/pypi/public-trusted-libraries/main/integrity/cattrs/26.1.0/cattrs-26.1.0-0-py3-none-any.whl/provenance/
cattrs,cattrs-26.1.0.tar.gz,26.1.0,No,Yes,https://packages.redhat.com/pypi/public-trusted-libraries/main/integrity/cattrs/26.1.0/cattrs-26.1.0.tar.gz/provenance/
cattrs,cattrs-25.3.0-0-py3-none-any.whl,25.3.0,Yes,Yes,https://packages.redhat.com/pypi/public-trusted-libraries/main/integrity/cattrs/25.3.0/cattrs-25.3.0-0-py3-none-any.whl/provenance/
cattrs,cattrs-25.3.0.tar.gz,25.3.0,No,Yes,https://packages.redhat.com/pypi/public-trusted-libraries/main/integrity/cattrs/25.3.0/cattrs-25.3.0.tar.gz/provenance/
celery,celery-5.6.2-0-py3-none-any.whl,5.6.2,Yes,Yes,https://packages.redhat.com/pypi/public-trusted-libraries/main/integrity/celery/5.6.2/celery-5.6.2-0-py3-none-any.whl/provenance/
celery,celery-5.6.2.tar.gz,5.6.2,No,Yes,https://packages.redhat.com/pypi/public-trusted-libraries/main/integrity/celery/5.6.2/celery-5.6.2.tar.gz/provenance/
certifi,certifi-2026.1.4-0-py3-none-any.whl,2026.1.4,Yes,Yes,https://packages.redhat.com/pypi/public-trusted-libraries/main/integrity/certifi/2026.1.4/certifi-2026.1.4-0-py3-none-any.whl/provenance/
certifi,certifi-2026.1.4.tar.gz,2026.1.4,No,Yes,https://packages.redhat.com/pypi/public-trusted-libraries/main/integrity/certifi/2026.1.4/certifi-2026.1.4.tar.gz/provenance/
cffi,cffi-2.0.0-0-cp312-cp312-manylinux_2_27_x86_64.manylinux_2_28_x86_64.whl,2.0.0,Yes,Yes,https://packages.redhat.com/pypi/public-trusted-libraries/main/integrity/cffi/2.0.0/cffi-2.0.0-0-cp312-cp312-manylinux_2_27_x86_64.manylinux_2_28_x86_64.whl/provenance/
cffi,cffi-2.0.0.tar.gz,2.0.0,No,Yes,https://packages.redhat.com/pypi/public-trusted-libraries/main/integrity/cffi/2.0.0/cffi-2.0.0.tar.gz/provenance/
chardet,chardet-6.0.0.post1-0-py3-none-any.whl,6.0.0.post1,Yes,Yes,https://packages.redhat.com/pypi/public-trusted-libraries/main/integrity/chardet/6.0.0.post1/chardet-6.0.0.post1-0-py3-none-any.whl/provenance/
chardet,chardet-6.0.0.post1.tar.gz,6.0.0.post1,No,Yes,https://packages.redhat.com/pypi/public-trusted-libraries/main/integrity/chardet/6.0.0.post1/chardet-6.0.0.post1.tar.gz/provenance/
charset-normalizer,charset_normalizer-3.4.4-0-py3-none-any.whl,3.4.4,Yes,Yes,https://packages.redhat.com/pypi/public-trusted-libraries/main/integrity/charset-normalizer/3.4.4/charset_normalizer-3.4.4-0-py3-none-any.whl/provenance/
charset-normalizer,charset-normalizer-3.4.4.tar.gz,3.4.4,No,Yes,https://packages.redhat.com/pypi/public-trusted-libraries/main/integrity/charset-normalizer/3.4.4/charset-normalizer-3.4.4.tar.gz/provenance/
click,click-8.3.1-0-py3-none-any.whl,8.3.1,Yes,Yes,https://packages.redhat.com/pypi/public-trusted-libraries/main/integrity/click/8.3.1/click-8.3.1-0-py3-none-any.whl/provenance/
click,click-8.3.1.tar.gz,8.3.1,No,Yes,https://packages.redhat.com/pypi/public-trusted-libraries/main/integrity/click/8.3.1/click-8.3.1.tar.gz/provenance/
click-didyoumean,click_didyoumean-0.3.1-0-py3-none-any.whl,0.3.1,Yes,Yes,https://packages.redhat.com/pypi/public-trusted-libraries/main/integrity/click-didyoumean/0.3.1/click_didyoumean-0.3.1-0-py3-none-any.whl/provenance/
click-didyoumean,click-didyoumean-0.3.1.tar.gz,0.3.1,No,Yes,https://packages.redhat.com/pypi/public-trusted-libraries/main/integrity/click-didyoumean/0.3.1/click-didyoumean-0.3.1.tar.gz/provenance/
click-plugins,click_plugins-1.1.1.2-0-py2.py3-none-any.whl,1.1.1.2,Yes,Yes,https://packages.redhat.com/pypi/public-trusted-libraries/main/integrity/click-plugins/1.1.1.2/click_plugins-1.1.1.2-0-py2.py3-none-any.whl/provenance/
click-plugins,click-plugins-1.1.1.2.tar.gz,1.1.1.2,No,Yes,https://packages.redhat.com/pypi/public-trusted-libraries/main/integrity/click-plugins/1.1.1.2/click-plugins-1.1.1.2.tar.gz/provenance/
click-repl,click_repl-0.3.0-0-py3-none-any.whl,0.3.0,Yes,Yes,https://packages.redhat.com/pypi/public-trusted-libraries/main/integrity/click-repl/0.3.0/click_repl-0.3.0-0-py3-none-any.whl/provenance/
click-repl,click-repl-0.3.0.tar.gz,0.3.0,No,Yes,https://packages.redhat.com/pypi/public-trusted-libraries/main/integrity/click-repl/0.3.0/click-repl-0.3.0.tar.gz/provenance/
cloudpickle,cloudpickle-3.1.2.tar.gz,3.1.2,No,Yes,https://packages.redhat.com/pypi/public-trusted-libraries/main/integrity/cloudpickle/3.1.2/cloudpickle-3.1.2.tar.gz/provenance/
cloudpickle,cloudpickle-3.1.2-0-py3-none-any.whl,3.1.2,Yes,Yes,https://packages.redhat.com/pypi/public-trusted-libraries/main/integrity/cloudpickle/3.1.2/cloudpickle-3.1.2-0-py3-none-any.whl/provenance/
coherent-licensed,coherent_licensed-0.5.2-0-py3-none-any.whl,0.5.2,Yes,Yes,https://packages.redhat.com/pypi/public-trusted-libraries/main/integrity/coherent-licensed/0.5.2/coherent_licensed-0.5.2-0-py3-none-any.whl/provenance/
coherent-licensed,coherent.licensed-0.5.2.tar.gz,0.5.2,No,Yes,https://packages.redhat.com/pypi/public-trusted-libraries/main/integrity/coherent-licensed/0.5.2/coherent.licensed-0.5.2.tar.gz/provenance/
colorama,colorama-0.4.6-0-py2.py3-none-any.whl,0.4.6,Yes,Yes,https://packages.redhat.com/pypi/public-trusted-libraries/main/integrity/colorama/0.4.6/colorama-0.4.6-0-py2.py3-none-any.whl/provenance/
colorama,colorama-0.4.6.tar.gz,0.4.6,No,Yes,https://packages.redhat.com/pypi/public-trusted-libraries/main/integrity/colorama/0.4.6/colorama-0.4.6.tar.gz/provenance/
colorlog,colorlog-6.10.1-0-py3-none-any.whl,6.10.1,Yes,Yes,https://packages.redhat.com/pypi/public-trusted-libraries/main/integrity/colorlog/6.10.1/colorlog-6.10.1-0-py3-none-any.whl/provenance/
colorlog,colorlog-6.10.1.tar.gz,6.10.1,No,Yes,https://packages.redhat.com/pypi/public-trusted-libraries/main/integrity/colorlog/6.10.1/colorlog-6.10.1.tar.gz/provenance/
configargparse,configargparse-1.7.1-0-py3-none-any.whl,1.7.1,Yes,Yes,https://packages.redhat.com/pypi/public-trusted-libraries/main/integrity/configargparse/1.7.1/configargparse-1.7.1-0-py3-none-any.whl/provenance/
configargparse,configargparse-1.7.1.tar.gz,1.7.1,No,Yes,https://packages.redhat.com/pypi/public-trusted-libraries/main/integrity/configargparse/1.7.1/configargparse-1.7.1.tar.gz/provenance/
configparser,configparser-7.2.0-0-py3-none-any.whl,7.2.0,Yes,Yes,https://packages.redhat.com/pypi/public-trusted-libraries/main/integrity/configparser/7.2.0/configparser-7.2.0-0-py3-none-any.whl/provenance/
configparser,configparser-7.2.0.tar.gz,7.2.0,No,Yes,https://packages.redhat.com/pypi/public-trusted-libraries/main/integrity/configparser/7.2.0/configparser-7.2.0.tar.gz/provenance/
coverage,coverage-7.13.4-0-cp312-cp312-manylinux1_x86_64.manylinux_2_28_x86_64.manylinux_2_5_x86_64.whl,7.13.4,Yes,Yes,https://packages.redhat.com/pypi/public-trusted-libraries/main/integrity/coverage/7.13.4/coverage-7.13.4-0-cp312-cp312-manylinux1_x86_64.manylinux_2_28_x86_64.manylinux_2_5_x86_64.whl/provenance/
coverage,coverage-7.13.4.tar.gz,7.13.4,No,Yes,https://packages.redhat.com/pypi/public-trusted-libraries/main/integrity/coverage/7.13.4/coverage-7.13.4.tar.gz/provenance/
croniter,croniter-6.0.0-0-py2.py3-none-any.whl,6.0.0,Yes,Yes,https://packages.redhat.com/pypi/public-trusted-libraries/main/integrity/croniter/6.0.0/croniter-6.0.0-0-py2.py3-none-any.whl/provenance/
croniter,croniter-6.0.0.tar.gz,6.0.0,No,Yes,https://packages.redhat.com/pypi/public-trusted-libraries/main/integrity/croniter/6.0.0/croniter-6.0.0.tar.gz/provenance/
cython,cython-3.2.4-0-cp312-cp312-linux_x86_64.whl,3.2.4,Yes,Yes,https://packages.redhat.com/pypi/public-trusted-libraries/main/integrity/cython/3.2.4/cython-3.2.4-0-cp312-cp312-linux_x86_64.whl/provenance/
cython,cython-3.2.4-0-cp312-cp312-manylinux2014_x86_64.manylinux_2_17_x86_64.manylinux_2_28_x86_64.whl,3.2.4,Yes,Yes,https://packages.redhat.com/pypi/public-trusted-libraries/main/integrity/cython/3.2.4/cython-3.2.4-0-cp312-cp312-manylinux2014_x86_64.manylinux_2_17_x86_64.manylinux_2_28_x86_64.whl/provenance/
cython,Cython-3.2.4.tar.gz,3.2.4,No,Yes,https://packages.redhat.com/pypi/public-trusted-libraries/main/integrity/cython/3.2.4/Cython-3.2.4.tar.gz/provenance/
cython,cython-3.1.8-0-cp312-cp312-manylinux2014_x86_64.manylinux_2_17_x86_64.manylinux_2_28_x86_64.whl,3.1.8,Yes,Yes,https://packages.redhat.com/pypi/public-trusted-libraries/main/integrity/cython/3.1.8/cython-3.1.8-0-cp312-cp312-manylinux2014_x86_64.manylinux_2_17_x86_64.manylinux_2_28_x86_64.whl/provenance/
cython,Cython-3.1.8.tar.gz,3.1.8,No,Yes,https://packages.redhat.com/pypi/public-trusted-libraries/main/integrity/cython/3.1.8/Cython-3.1.8.tar.gz/provenance/
cython,cython-3.1.1-0-cp312-cp312-manylinux2014_x86_64.manylinux_2_17_x86_64.manylinux_2_28_x86_64.whl,3.1.1,Yes,Yes,https://packages.redhat.com/pypi/public-trusted-libraries/main/integrity/cython/3.1.1/cython-3.1.1-0-cp312-cp312-manylinux2014_x86_64.manylinux_2_17_x86_64.manylinux_2_28_x86_64.whl/provenance/
cython,cython-3.1.1.tar.gz,3.1.1,No,Yes,https://packages.redhat.com/pypi/public-trusted-libraries/main/integrity/cython/3.1.1/cython-3.1.1.tar.gz/provenance/
dacite,dacite-1.9.2-0-py3-none-any.whl,1.9.2,Yes,Yes,https://packages.redhat.com/pypi/public-trusted-libraries/main/integrity/dacite/1.9.2/dacite-1.9.2-0-py3-none-any.whl/provenance/
dacite,dacite-1.9.2.tar.gz,1.9.2,No,Yes,https://packages.redhat.com/pypi/public-trusted-libraries/main/integrity/dacite/1.9.2/dacite-1.9.2.tar.gz/provenance/
dask,dask-2026.1.2-0-py3-none-any.whl,2026.1.2,Yes,Yes,https://packages.redhat.com/pypi/public-trusted-libraries/main/integrity/dask/2026.1.2/dask-2026.1.2-0-py3-none-any.whl/provenance/
dask,dask-2026.1.2.tar.gz,2026.1.2,No,Yes,https://packages.redhat.com/pypi/public-trusted-libraries/main/integrity/dask/2026.1.2/dask-2026.1.2.tar.gz/provenance/
dateparser,dateparser-1.3.0-0-py3-none-any.whl,1.3.0,Yes,Yes,https://packages.redhat.com/pypi/public-trusted-libraries/main/integrity/dateparser/1.3.0/dateparser-1.3.0-0-py3-none-any.whl/provenance/
dateparser,dateparser-1.3.0.tar.gz,1.3.0,No,Yes,https://packages.redhat.com/pypi/public-trusted-libraries/main/integrity/dateparser/1.3.0/dateparser-1.3.0.tar.gz/provenance/
decorator,decorator-5.2.1-0-py3-none-any.whl,5.2.1,Yes,Yes,https://packages.redhat.com/pypi/public-trusted-libraries/main/integrity/decorator/5.2.1/decorator-5.2.1-0-py3-none-any.whl/provenance/
decorator,decorator-5.2.1.tar.gz,5.2.1,No,Yes,https://packages.redhat.com/pypi/public-trusted-libraries/main/integrity/decorator/5.2.1/decorator-5.2.1.tar.gz/provenance/
defusedxml,defusedxml-0.8.0rc2-0-py2.py3-none-any.whl,0.8.0rc2,Yes,Yes,https://packages.redhat.com/pypi/public-trusted-libraries/main/integrity/defusedxml/0.8.0rc2/defusedxml-0.8.0rc2-0-py2.py3-none-any.whl/provenance/
defusedxml,defusedxml-0.8.0rc2.tar.gz,0.8.0rc2,No,Yes,https://packages.redhat.com/pypi/public-trusted-libraries/main/integrity/defusedxml/0.8.0rc2/defusedxml-0.8.0rc2.tar.gz/provenance/
deprecated,deprecated-1.3.1-0-py2.py3-none-any.whl,1.3.1,Yes,Yes,https://packages.redhat.com/pypi/public-trusted-libraries/main/integrity/deprecated/1.3.1/deprecated-1.3.1-0-py2.py3-none-any.whl/provenance/
deprecated,deprecated-1.3.1.tar.gz,1.3.1,No,Yes,https://packages.redhat.com/pypi/public-trusted-libraries/main/integrity/deprecated/1.3.1/deprecated-1.3.1.tar.gz/provenance/
deprecation,deprecation-2.1.0-0-py2.py3-none-any.whl,2.1.0,Yes,Yes,https://packages.redhat.com/pypi/public-trusted-libraries/main/integrity/deprecation/2.1.0/deprecation-2.1.0-0-py2.py3-none-any.whl/provenance/
deprecation,deprecation-2.1.0.tar.gz,2.1.0,No,Yes,https://packages.redhat.com/pypi/public-trusted-libraries/main/integrity/deprecation/2.1.0/deprecation-2.1.0.tar.gz/provenance/
dill,dill-0.4.1.tar.gz,0.4.1,No,Yes,https://packages.redhat.com/pypi/public-trusted-libraries/main/integrity/dill/0.4.1/dill-0.4.1.tar.gz/provenance/
dill,dill-0.4.1-0-py3-none-any.whl,0.4.1,Yes,Yes,https://packages.redhat.com/pypi/public-trusted-libraries/main/integrity/dill/0.4.1/dill-0.4.1-0-py3-none-any.whl/provenance/
diskcache,diskcache-5.6.3.tar.gz,5.6.3,No,Yes,https://packages.redhat.com/pypi/public-trusted-libraries/main/integrity/diskcache/5.6.3/diskcache-5.6.3.tar.gz/provenance/
diskcache,diskcache-5.6.3-0-py3-none-any.whl,5.6.3,Yes,Yes,https://packages.redhat.com/pypi/public-trusted-libraries/main/integrity/diskcache/5.6.3/diskcache-5.6.3-0-py3-none-any.whl/provenance/
distlib,distlib-0.4.0-0-py2.py3-none-any.whl,0.4.0,Yes,Yes,https://packages.redhat.com/pypi/public-trusted-libraries/main/integrity/distlib/0.4.0/distlib-0.4.0-0-py2.py3-none-any.whl/provenance/
distlib,distlib-0.4.0.tar.gz,0.4.0,No,Yes,https://packages.redhat.com/pypi/public-trusted-libraries/main/integrity/distlib/0.4.0/distlib-0.4.0.tar.gz/provenance/
distro,distro-1.9.0.tar.gz,1.9.0,No,Yes,https://packages.redhat.com/pypi/public-trusted-libraries/main/integrity/distro/1.9.0/distro-1.9.0.tar.gz/provenance/
distro,distro-1.9.0-0-py3-none-any.whl,1.9.0,Yes,Yes,https://packages.redhat.com/pypi/public-trusted-libraries/main/integrity/distro/1.9.0/distro-1.9.0-0-py3-none-any.whl/provenance/
django,django-6.0.2-0-py3-none-any.whl,6.0.2,Yes,Yes,https://packages.redhat.com/pypi/public-trusted-libraries/main/integrity/django/6.0.2/django-6.0.2-0-py3-none-any.whl/provenance/
django,django-6.0.2.tar.gz,6.0.2,No,Yes,https://packages.redhat.com/pypi/public-trusted-libraries/main/integrity/django/6.0.2/django-6.0.2.tar.gz/provenance/
dnspython,dnspython-2.8.0-0-py3-none-any.whl,2.8.0,Yes,Yes,https://packages.redhat.com/pypi/public-trusted-libraries/main/integrity/dnspython/2.8.0/dnspython-2.8.0-0-py3-none-any.whl/provenance/
dnspython,dnspython-2.8.0.tar.gz,2.8.0,No,Yes,https://packages.redhat.com/pypi/public-trusted-libraries/main/integrity/dnspython/2.8.0/dnspython-2.8.0.tar.gz/provenance/
docutils,docutils-0.19-0-py3-none-any.whl,0.19,Yes,Yes,https://packages.redhat.com/pypi/public-trusted-libraries/main/integrity/docutils/0.19/docutils-0.19-0-py3-none-any.whl/provenance/
docutils,docutils-0.19.tar.gz,0.19,No,Yes,https://packages.redhat.com/pypi/public-trusted-libraries/main/integrity/docutils/0.19/docutils-0.19.tar.gz/provenance/
docutils,docutils-0.22.4-0-py3-none-any.whl,0.22.4,Yes,Yes,https://packages.redhat.com/pypi/public-trusted-libraries/main/integrity/docutils/0.22.4/docutils-0.22.4-0-py3-none-any.whl/provenance/
docutils,docutils-0.22.4.tar.gz,0.22.4,No,Yes,https://packages.redhat.com/pypi/public-trusted-libraries/main/integrity/docutils/0.22.4/docutils-0.22.4.tar.gz/provenance/
ecdsa,ecdsa-0.19.1-0-py2.py3-none-any.whl,0.19.1,Yes,Yes,https://packages.redhat.com/pypi/public-trusted-libraries/main/integrity/ecdsa/0.19.1/ecdsa-0.19.1-0-py2.py3-none-any.whl/provenance/
ecdsa,ecdsa-0.19.1.tar.gz,0.19.1,No,Yes,https://packages.redhat.com/pypi/public-trusted-libraries/main/integrity/ecdsa/0.19.1/ecdsa-0.19.1.tar.gz/provenance/
email-validator,email_validator-2.3.0-0-py3-none-any.whl,2.3.0,Yes,Yes,https://packages.redhat.com/pypi/public-trusted-libraries/main/integrity/email-validator/2.3.0/email_validator-2.3.0-0-py3-none-any.whl/provenance/
email-validator,email_validator-2.3.0.tar.gz,2.3.0,No,Yes,https://packages.redhat.com/pypi/public-trusted-libraries/main/integrity/email-validator/2.3.0/email_validator-2.3.0.tar.gz/provenance/
emoji,emoji-2.15.0-0-py3-none-any.whl,2.15.0,Yes,Yes,https://packages.redhat.com/pypi/public-trusted-libraries/main/integrity/emoji/2.15.0/emoji-2.15.0-0-py3-none-any.whl/provenance/
emoji,emoji-2.15.0.tar.gz,2.15.0,No,Yes,https://packages.redhat.com/pypi/public-trusted-libraries/main/integrity/emoji/2.15.0/emoji-2.15.0.tar.gz/provenance/
et-xmlfile,et_xmlfile-2.0.0-0-py3-none-any.whl,2.0.0,Yes,Yes,https://packages.redhat.com/pypi/public-trusted-libraries/main/integrity/et-xmlfile/2.0.0/et_xmlfile-2.0.0-0-py3-none-any.whl/provenance/
et-xmlfile,et-xmlfile-2.0.0.tar.gz,2.0.0,No,Yes,https://packages.redhat.com/pypi/public-trusted-libraries/main/integrity/et-xmlfile/2.0.0/et-xmlfile-2.0.0.tar.gz/provenance/
et-xmlfile,et_xmlfile-2.0.0.tar.gz,2.0.0,No,Yes,https://packages.redhat.com/pypi/public-trusted-libraries/main/integrity/et-xmlfile/2.0.0/et_xmlfile-2.0.0.tar.gz/provenance/
exceptiongroup,exceptiongroup-1.3.1-0-py3-none-any.whl,1.3.1,Yes,Yes,https://packages.redhat.com/pypi/public-trusted-libraries/main/integrity/exceptiongroup/1.3.1/exceptiongroup-1.3.1-0-py3-none-any.whl/provenance/
exceptiongroup,exceptiongroup-1.3.1.tar.gz,1.3.1,No,Yes,https://packages.redhat.com/pypi/public-trusted-libraries/main/integrity/exceptiongroup/1.3.1/exceptiongroup-1.3.1.tar.gz/provenance/
execnet,execnet-2.1.2-0-py3-none-any.whl,2.1.2,Yes,Yes,https://packages.redhat.com/pypi/public-trusted-libraries/main/integrity/execnet/2.1.2/execnet-2.1.2-0-py3-none-any.whl/provenance/
execnet,execnet-2.1.2.tar.gz,2.1.2,No,Yes,https://packages.redhat.com/pypi/public-trusted-libraries/main/integrity/execnet/2.1.2/execnet-2.1.2.tar.gz/provenance/
executing,executing-2.2.1-0-py2.py3-none-any.whl,2.2.1,Yes,Yes,https://packages.redhat.com/pypi/public-trusted-libraries/main/integrity/executing/2.2.1/executing-2.2.1-0-py2.py3-none-any.whl/provenance/
executing,executing-2.2.1.tar.gz,2.2.1,No,Yes,https://packages.redhat.com/pypi/public-trusted-libraries/main/integrity/executing/2.2.1/executing-2.2.1.tar.gz/provenance/
expandvars,expandvars-1.1.2-0-py3-none-any.whl,1.1.2,Yes,Yes,https://packages.redhat.com/pypi/public-trusted-libraries/main/integrity/expandvars/1.1.2/expandvars-1.1.2-0-py3-none-any.whl/provenance/
expandvars,expandvars-1.1.2.tar.gz,1.1.2,No,Yes,https://packages.redhat.com/pypi/public-trusted-libraries/main/integrity/expandvars/1.1.2/expandvars-1.1.2.tar.gz/provenance/
face,face-26.0.0.tar.gz,26.0.0,No,Yes,https://packages.redhat.com/pypi/public-trusted-libraries/main/integrity/face/26.0.0/face-26.0.0.tar.gz/provenance/
face,face-26.0.0-0-py3-none-any.whl,26.0.0,Yes,Yes,https://packages.redhat.com/pypi/public-trusted-libraries/main/integrity/face/26.0.0/face-26.0.0-0-py3-none-any.whl/provenance/
factory-boy,factory_boy-3.3.3-0-py2.py3-none-any.whl,3.3.3,Yes,Yes,https://packages.redhat.com/pypi/public-trusted-libraries/main/integrity/factory-boy/3.3.3/factory_boy-3.3.3-0-py2.py3-none-any.whl/provenance/
factory-boy,factory-boy-3.3.3.tar.gz,3.3.3,No,Yes,https://packages.redhat.com/pypi/public-trusted-libraries/main/integrity/factory-boy/3.3.3/factory-boy-3.3.3.tar.gz/provenance/
faker,faker-40.2.0-0-py3-none-any.whl,40.2.0,Yes,Yes,https://packages.redhat.com/pypi/public-trusted-libraries/main/integrity/faker/40.2.0/faker-40.2.0-0-py3-none-any.whl/provenance/
faker,faker-40.5.1-0-py3-none-any.whl,40.5.1,Yes,Yes,https://packages.redhat.com/pypi/public-trusted-libraries/main/integrity/faker/40.5.1/faker-40.5.1-0-py3-none-any.whl/provenance/
faker,Faker-40.5.1.tar.gz,40.5.1,No,Yes,https://packages.redhat.com/pypi/public-trusted-libraries/main/integrity/faker/40.5.1/Faker-40.5.1.tar.gz/provenance/
faker,faker-40.2.0.tar.gz,40.2.0,No,Yes,https://packages.redhat.com/pypi/public-trusted-libraries/main/integrity/faker/40.2.0/faker-40.2.0.tar.gz/provenance/
fastapi,fastapi-0.129.0-0-py3-none-any.whl,0.129.0,Yes,Yes,https://packages.redhat.com/pypi/public-trusted-libraries/main/integrity/fastapi/0.129.0/fastapi-0.129.0-0-py3-none-any.whl/provenance/
fastapi,fastapi-0.129.0.tar.gz,0.129.0,No,Yes,https://packages.redhat.com/pypi/public-trusted-libraries/main/integrity/fastapi/0.129.0/fastapi-0.129.0.tar.gz/provenance/
fasteners,fasteners-0.20-0-py3-none-any.whl,0.20,Yes,Yes,https://packages.redhat.com/pypi/public-trusted-libraries/main/integrity/fasteners/0.20/fasteners-0.20-0-py3-none-any.whl/provenance/
fasteners,fasteners-0.20.tar.gz,0.20,No,Yes,https://packages.redhat.com/pypi/public-trusted-libraries/main/integrity/fasteners/0.20/fasteners-0.20.tar.gz/provenance/
filelock,filelock-3.24.0-0-py3-none-any.whl,3.24.0,Yes,Yes,https://packages.redhat.com/pypi/public-trusted-libraries/main/integrity/filelock/3.24.0/filelock-3.24.0-0-py3-none-any.whl/provenance/
filelock,filelock-3.24.0.tar.gz,3.24.0,No,Yes,https://packages.redhat.com/pypi/public-trusted-libraries/main/integrity/filelock/3.24.0/filelock-3.24.0.tar.gz/provenance/
filelock,filelock-3.24.3-0-py3-none-any.whl,3.24.3,Yes,Yes,https://packages.redhat.com/pypi/public-trusted-libraries/main/integrity/filelock/3.24.3/filelock-3.24.3-0-py3-none-any.whl/provenance/
filelock,filelock-3.24.3.tar.gz,3.24.3,No,Yes,https://packages.redhat.com/pypi/public-trusted-libraries/main/integrity/filelock/3.24.3/filelock-3.24.3.tar.gz/provenance/
filelock,filelock-3.24.1.tar.gz,3.24.1,No,Yes,https://packages.redhat.com/pypi/public-trusted-libraries/main/integrity/filelock/3.24.1/filelock-3.24.1.tar.gz/provenance/
filelock,filelock-3.24.1-0-py3-none-any.whl,3.24.1,Yes,Yes,https://packages.redhat.com/pypi/public-trusted-libraries/main/integrity/filelock/3.24.1/filelock-3.24.1-0-py3-none-any.whl/provenance/
fire,fire-0.7.1-0-py3-none-any.whl,0.7.1,Yes,Yes,https://packages.redhat.com/pypi/public-trusted-libraries/main/integrity/fire/0.7.1/fire-0.7.1-0-py3-none-any.whl/provenance/
fire,fire-0.7.1.tar.gz,0.7.1,No,Yes,https://packages.redhat.com/pypi/public-trusted-libraries/main/integrity/fire/0.7.1/fire-0.7.1.tar.gz/provenance/
flake8,flake8-7.3.0-0-py2.py3-none-any.whl,7.3.0,Yes,Yes,https://packages.redhat.com/pypi/public-trusted-libraries/main/integrity/flake8/7.3.0/flake8-7.3.0-0-py2.py3-none-any.whl/provenance/
flake8,flake8-7.3.0.tar.gz,7.3.0,No,Yes,https://packages.redhat.com/pypi/public-trusted-libraries/main/integrity/flake8/7.3.0/flake8-7.3.0.tar.gz/provenance/
flask,flask-3.1.3-0-py3-none-any.whl,3.1.3,Yes,Yes,https://packages.redhat.com/pypi/public-trusted-libraries/main/integrity/flask/3.1.3/flask-3.1.3-0-py3-none-any.whl/provenance/
flask,flask-3.1.3.tar.gz,3.1.3,No,Yes,https://packages.redhat.com/pypi/public-trusted-libraries/main/integrity/flask/3.1.3/flask-3.1.3.tar.gz/provenance/
flask,Flask-3.1.3.tar.gz,3.1.3,No,Yes,https://packages.redhat.com/pypi/public-trusted-libraries/main/integrity/flask/3.1.3/Flask-3.1.3.tar.gz/provenance/
flask-appbuilder,flask_appbuilder-5.1.0-0-py3-none-any.whl,5.1.0,Yes,Yes,https://packages.redhat.com/pypi/public-trusted-libraries/main/integrity/flask-appbuilder/5.1.0/flask_appbuilder-5.1.0-0-py3-none-any.whl/provenance/
flask-appbuilder,flask-appbuilder-5.1.0.tar.gz,5.1.0,No,Yes,https://packages.redhat.com/pypi/public-trusted-libraries/main/integrity/flask-appbuilder/5.1.0/flask-appbuilder-5.1.0.tar.gz/provenance/
flask-appbuilder,flask_appbuilder-5.1.0rc1-0-py3-none-any.whl,5.1.0rc1,Yes,Yes,https://packages.redhat.com/pypi/public-trusted-libraries/main/integrity/flask-appbuilder/5.1.0rc1/flask_appbuilder-5.1.0rc1-0-py3-none-any.whl/provenance/
flask-appbuilder,flask-appbuilder-5.1.0rc1.tar.gz,5.1.0rc1,No,Yes,https://packages.redhat.com/pypi/public-trusted-libraries/main/integrity/flask-appbuilder/5.1.0rc1/flask-appbuilder-5.1.0rc1.tar.gz/provenance/
flask-babel,flask_babel-4.0.0-0-py3-none-any.whl,4.0.0,Yes,Yes,https://packages.redhat.com/pypi/public-trusted-libraries/main/integrity/flask-babel/4.0.0/flask_babel-4.0.0-0-py3-none-any.whl/provenance/
flask-babel,Flask-Babel-4.0.0.tar.gz,4.0.0,No,Yes,https://packages.redhat.com/pypi/public-trusted-libraries/main/integrity/flask-babel/4.0.0/Flask-Babel-4.0.0.tar.gz/provenance/
flask-cors,flask_cors-6.0.2-0-py3-none-any.whl,6.0.2,Yes,Yes,https://packages.redhat.com/pypi/public-trusted-libraries/main/integrity/flask-cors/6.0.2/flask_cors-6.0.2-0-py3-none-any.whl/provenance/
flask-cors,flask-cors-6.0.2.tar.gz,6.0.2,No,Yes,https://packages.redhat.com/pypi/public-trusted-libraries/main/integrity/flask-cors/6.0.2/flask-cors-6.0.2.tar.gz/provenance/
flask-jwt-extended,flask_jwt_extended-4.7.1-0-py2.py3-none-any.whl,4.7.1,Yes,Yes,https://packages.redhat.com/pypi/public-trusted-libraries/main/integrity/flask-jwt-extended/4.7.1/flask_jwt_extended-4.7.1-0-py2.py3-none-any.whl/provenance/
flask-jwt-extended,Flask-JWT-Extended-4.7.1.tar.gz,4.7.1,No,Yes,https://packages.redhat.com/pypi/public-trusted-libraries/main/integrity/flask-jwt-extended/4.7.1/Flask-JWT-Extended-4.7.1.tar.gz/provenance/
flask-limiter,flask_limiter-3.12-0-py3-none-any.whl,3.12,Yes,Yes,https://packages.redhat.com/pypi/public-trusted-libraries/main/integrity/flask-limiter/3.12/flask_limiter-3.12-0-py3-none-any.whl/provenance/
flask-limiter,flask_limiter-4.1.1-0-py3-none-any.whl,4.1.1,Yes,Yes,https://packages.redhat.com/pypi/public-trusted-libraries/main/integrity/flask-limiter/4.1.1/flask_limiter-4.1.1-0-py3-none-any.whl/provenance/
flask-limiter,Flask-Limiter-3.12.tar.gz,3.12,No,Yes,https://packages.redhat.com/pypi/public-trusted-libraries/main/integrity/flask-limiter/3.12/Flask-Limiter-3.12.tar.gz/provenance/
flask-limiter,flask-limiter-4.1.1.tar.gz,4.1.1,No,Yes,https://packages.redhat.com/pypi/public-trusted-libraries/main/integrity/flask-limiter/4.1.1/flask-limiter-4.1.1.tar.gz/provenance/
flask-login,flask_login-0.6.3-0-py3-none-any.whl,0.6.3,Yes,Yes,https://packages.redhat.com/pypi/public-trusted-libraries/main/integrity/flask-login/0.6.3/flask_login-0.6.3-0-py3-none-any.whl/provenance/
flask-login,Flask-Login-0.6.3.tar.gz,0.6.3,No,Yes,https://packages.redhat.com/pypi/public-trusted-libraries/main/integrity/flask-login/0.6.3/Flask-Login-0.6.3.tar.gz/provenance/
flask-migrate,flask_migrate-4.1.0-0-py3-none-any.whl,4.1.0,Yes,Yes,https://packages.redhat.com/pypi/public-trusted-libraries/main/integrity/flask-migrate/4.1.0/flask_migrate-4.1.0-0-py3-none-any.whl/provenance/
flask-migrate,flask-migrate-4.1.0.tar.gz,4.1.0,No,Yes,https://packages.redhat.com/pypi/public-trusted-libraries/main/integrity/flask-migrate/4.1.0/flask-migrate-4.1.0.tar.gz/provenance/
flask-sqlalchemy,flask_sqlalchemy-3.1.1-0-py3-none-any.whl,3.1.1,Yes,Yes,https://packages.redhat.com/pypi/public-trusted-libraries/main/integrity/flask-sqlalchemy/3.1.1/flask_sqlalchemy-3.1.1-0-py3-none-any.whl/provenance/
flask-sqlalchemy,flask-sqlalchemy-3.1.1.tar.gz,3.1.1,No,Yes,https://packages.redhat.com/pypi/public-trusted-libraries/main/integrity/flask-sqlalchemy/3.1.1/flask-sqlalchemy-3.1.1.tar.gz/provenance/
flask-sqlalchemy,Flask-SQLAlchemy-3.1.1.tar.gz,3.1.1,No,Yes,https://packages.redhat.com/pypi/public-trusted-libraries/main/integrity/flask-sqlalchemy/3.1.1/Flask-SQLAlchemy-3.1.1.tar.gz/provenance/
flask-wtf,flask_wtf-1.2.2-0-py3-none-any.whl,1.2.2,Yes,Yes,https://packages.redhat.com/pypi/public-trusted-libraries/main/integrity/flask-wtf/1.2.2/flask_wtf-1.2.2-0-py3-none-any.whl/provenance/
flask-wtf,Flask-WTF-1.2.2.tar.gz,1.2.2,No,Yes,https://packages.redhat.com/pypi/public-trusted-libraries/main/integrity/flask-wtf/1.2.2/Flask-WTF-1.2.2.tar.gz/provenance/
flit-core,flit_core-3.12.0.tar.gz,3.12.0,No,Yes,https://packages.redhat.com/pypi/public-trusted-libraries/main/integrity/flit-core/3.12.0/flit_core-3.12.0.tar.gz/provenance/
flit-core,flit_core-3.12.0-0-py3-none-any.whl,3.12.0,Yes,Yes,https://packages.redhat.com/pypi/public-trusted-libraries/main/integrity/flit-core/3.12.0/flit_core-3.12.0-0-py3-none-any.whl/provenance/
flit-scm,flit_scm-1.7.0-0-py3-none-any.whl,1.7.0,Yes,Yes,https://packages.redhat.com/pypi/public-trusted-libraries/main/integrity/flit-scm/1.7.0/flit_scm-1.7.0-0-py3-none-any.whl/provenance/
flit-scm,flit_scm-1.7.0.tar.gz,1.7.0,No,Yes,https://packages.redhat.com/pypi/public-trusted-libraries/main/integrity/flit-scm/1.7.0/flit_scm-1.7.0.tar.gz/provenance/
freezegun,freezegun-1.5.5-0-py3-none-any.whl,1.5.5,Yes,Yes,https://packages.redhat.com/pypi/public-trusted-libraries/main/integrity/freezegun/1.5.5/freezegun-1.5.5-0-py3-none-any.whl/provenance/
freezegun,freezegun-1.5.5.tar.gz,1.5.5,No,Yes,https://packages.redhat.com/pypi/public-trusted-libraries/main/integrity/freezegun/1.5.5/freezegun-1.5.5.tar.gz/provenance/
frozenlist,frozenlist-1.8.0-0-cp312-cp312-manylinux1_x86_64.manylinux_2_28_x86_64.manylinux_2_5_x86_64.whl,1.8.0,Yes,Yes,https://packages.redhat.com/pypi/public-trusted-libraries/main/integrity/frozenlist/1.8.0/frozenlist-1.8.0-0-cp312-cp312-manylinux1_x86_64.manylinux_2_28_x86_64.manylinux_2_5_x86_64.whl/provenance/
frozenlist,frozenlist-1.8.0.tar.gz,1.8.0,No,Yes,https://packages.redhat.com/pypi/public-trusted-libraries/main/integrity/frozenlist/1.8.0/frozenlist-1.8.0.tar.gz/provenance/
fsspec,fsspec-2026.2.0-0-py3-none-any.whl,2026.2.0,Yes,Yes,https://packages.redhat.com/pypi/public-trusted-libraries/main/integrity/fsspec/2026.2.0/fsspec-2026.2.0-0-py3-none-any.whl/provenance/
fsspec,fsspec-2026.2.0.tar.gz,2026.2.0,No,Yes,https://packages.redhat.com/pypi/public-trusted-libraries/main/integrity/fsspec/2026.2.0/fsspec-2026.2.0.tar.gz/provenance/
fsspec,fsspec-2026.1.0-0-py3-none-any.whl,2026.1.0,Yes,Yes,https://packages.redhat.com/pypi/public-trusted-libraries/main/integrity/fsspec/2026.1.0/fsspec-2026.1.0-0-py3-none-any.whl/provenance/
fsspec,fsspec-2026.1.0.tar.gz,2026.1.0,No,Yes,https://packages.redhat.com/pypi/public-trusted-libraries/main/integrity/fsspec/2026.1.0/fsspec-2026.1.0.tar.gz/provenance/
funcy,funcy-2.0-0-py2.py3-none-any.whl,2.0,Yes,Yes,https://packages.redhat.com/pypi/public-trusted-libraries/main/integrity/funcy/2.0/funcy-2.0-0-py2.py3-none-any.whl/provenance/
funcy,funcy-2.0.tar.gz,2.0,No,Yes,https://packages.redhat.com/pypi/public-trusted-libraries/main/integrity/funcy/2.0/funcy-2.0.tar.gz/provenance/
gitdb,gitdb-4.0.11-0-py3-none-any.whl,4.0.11,Yes,Yes,https://packages.redhat.com/pypi/public-trusted-libraries/main/integrity/gitdb/4.0.11/gitdb-4.0.11-0-py3-none-any.whl/provenance/
gitdb,gitdb-4.0.11.tar.gz,4.0.11,No,Yes,https://packages.redhat.com/pypi/public-trusted-libraries/main/integrity/gitdb/4.0.11/gitdb-4.0.11.tar.gz/provenance/
glom,glom-25.12.0-0-py3-none-any.whl,25.12.0,Yes,Yes,https://packages.redhat.com/pypi/public-trusted-libraries/main/integrity/glom/25.12.0/glom-25.12.0-0-py3-none-any.whl/provenance/
glom,glom-25.12.0.tar.gz,25.12.0,No,Yes,https://packages.redhat.com/pypi/public-trusted-libraries/main/integrity/glom/25.12.0/glom-25.12.0.tar.gz/provenance/
google-pasta,google_pasta-0.2.0-0-py3-none-any.whl,0.2.0,Yes,Yes,https://packages.redhat.com/pypi/public-trusted-libraries/main/integrity/google-pasta/0.2.0/google_pasta-0.2.0-0-py3-none-any.whl/provenance/
google-pasta,google-pasta-0.2.0.tar.gz,0.2.0,No,Yes,https://packages.redhat.com/pypi/public-trusted-libraries/main/integrity/google-pasta/0.2.0/google-pasta-0.2.0.tar.gz/provenance/
googleapis-common-protos,googleapis_common_protos-1.72.0-0-py3-none-any.whl,1.72.0,Yes,Yes,https://packages.redhat.com/pypi/public-trusted-libraries/main/integrity/googleapis-common-protos/1.72.0/googleapis_common_protos-1.72.0-0-py3-none-any.whl/provenance/
googleapis-common-protos,googleapis-common-protos-1.72.0.tar.gz,1.72.0,No,Yes,https://packages.redhat.com/pypi/public-trusted-libraries/main/integrity/googleapis-common-protos/1.72.0/googleapis-common-protos-1.72.0.tar.gz/provenance/
graphene,graphene-3.4.3-0-py2.py3-none-any.whl,3.4.3,Yes,Yes,https://packages.redhat.com/pypi/public-trusted-libraries/main/integrity/graphene/3.4.3/graphene-3.4.3-0-py2.py3-none-any.whl/provenance/
graphene,graphene-3.4.3.tar.gz,3.4.3,No,Yes,https://packages.redhat.com/pypi/public-trusted-libraries/main/integrity/graphene/3.4.3/graphene-3.4.3.tar.gz/provenance/
graphql-core,graphql_core-3.2.7-0-py3-none-any.whl,3.2.7,Yes,Yes,https://packages.redhat.com/pypi/public-trusted-libraries/main/integrity/graphql-core/3.2.7/graphql_core-3.2.7-0-py3-none-any.whl/provenance/
graphql-core,graphql-core-3.2.7.tar.gz,3.2.7,No,Yes,https://packages.redhat.com/pypi/public-trusted-libraries/main/integrity/graphql-core/3.2.7/graphql-core-3.2.7.tar.gz/provenance/
graphql-relay,graphql_relay-3.2.0-0-py3-none-any.whl,3.2.0,Yes,Yes,https://packages.redhat.com/pypi/public-trusted-libraries/main/integrity/graphql-relay/3.2.0/graphql_relay-3.2.0-0-py3-none-any.whl/provenance/
graphql-relay,graphql-relay-3.2.0.tar.gz,3.2.0,No,Yes,https://packages.redhat.com/pypi/public-trusted-libraries/main/integrity/graphql-relay/3.2.0/graphql-relay-3.2.0.tar.gz/provenance/
greenlet,greenlet-3.3.1-0-cp312-cp312-manylinux_2_24_x86_64.manylinux_2_28_x86_64.whl,3.3.1,Yes,Yes,https://packages.redhat.com/pypi/public-trusted-libraries/main/integrity/greenlet/3.3.1/greenlet-3.3.1-0-cp312-cp312-manylinux_2_24_x86_64.manylinux_2_28_x86_64.whl/provenance/
greenlet,greenlet-3.3.1.tar.gz,3.3.1,No,Yes,https://packages.redhat.com/pypi/public-trusted-libraries/main/integrity/greenlet/3.3.1/greenlet-3.3.1.tar.gz/provenance/
greenlet,greenlet-3.3.2-0-cp312-cp312-manylinux_2_24_x86_64.manylinux_2_28_x86_64.whl,3.3.2,Yes,Yes,https://packages.redhat.com/pypi/public-trusted-libraries/main/integrity/greenlet/3.3.2/greenlet-3.3.2-0-cp312-cp312-manylinux_2_24_x86_64.manylinux_2_28_x86_64.whl/provenance/
greenlet,greenlet-3.3.2.tar.gz,3.3.2,No,Yes,https://packages.redhat.com/pypi/public-trusted-libraries/main/integrity/greenlet/3.3.2/greenlet-3.3.2.tar.gz/provenance/
grpcio,grpcio-1.78.1-0-cp312-cp312-manylinux_2_27_x86_64.manylinux_2_28_x86_64.whl,1.78.1,Yes,Yes,https://packages.redhat.com/pypi/public-trusted-libraries/main/integrity/grpcio/1.78.1/grpcio-1.78.1-0-cp312-cp312-manylinux_2_27_x86_64.manylinux_2_28_x86_64.whl/provenance/
grpcio,grpcio-1.78.1.tar.gz,1.78.1,No,Yes,https://packages.redhat.com/pypi/public-trusted-libraries/main/integrity/grpcio/1.78.1/grpcio-1.78.1.tar.gz/provenance/
grpcio,grpcio-1.78.0rc2.tar.gz,1.78.0rc2,No,Yes,https://packages.redhat.com/pypi/public-trusted-libraries/main/integrity/grpcio/1.78.0rc2/grpcio-1.78.0rc2.tar.gz/provenance/
grpcio,grpcio-1.78.0rc2-0-cp312-cp312-manylinux_2_27_x86_64.manylinux_2_28_x86_64.whl,1.78.0rc2,Yes,Yes,https://packages.redhat.com/pypi/public-trusted-libraries/main/integrity/grpcio/1.78.0rc2/grpcio-1.78.0rc2-0-cp312-cp312-manylinux_2_27_x86_64.manylinux_2_28_x86_64.whl/provenance/
h11,h11-0.16.0-0-py3-none-any.whl,0.16.0,Yes,Yes,https://packages.redhat.com/pypi/public-trusted-libraries/main/integrity/h11/0.16.0/h11-0.16.0-0-py3-none-any.whl/provenance/
h11,h11-0.16.0.tar.gz,0.16.0,No,Yes,https://packages.redhat.com/pypi/public-trusted-libraries/main/integrity/h11/0.16.0/h11-0.16.0.tar.gz/provenance/
h2,h2-4.3.0-0-py3-none-any.whl,4.3.0,Yes,Yes,https://packages.redhat.com/pypi/public-trusted-libraries/main/integrity/h2/4.3.0/h2-4.3.0-0-py3-none-any.whl/provenance/
h2,h2-4.3.0.tar.gz,4.3.0,No,Yes,https://packages.redhat.com/pypi/public-trusted-libraries/main/integrity/h2/4.3.0/h2-4.3.0.tar.gz/provenance/
hatch-fancy-pypi-readme,hatch_fancy_pypi_readme-25.1.0-0-py3-none-any.whl,25.1.0,Yes,Yes,https://packages.redhat.com/pypi/public-trusted-libraries/main/integrity/hatch-fancy-pypi-readme/25.1.0/hatch_fancy_pypi_readme-25.1.0-0-py3-none-any.whl/provenance/
hatch-fancy-pypi-readme,hatch-fancy-pypi-readme-25.1.0.tar.gz,25.1.0,No,Yes,https://packages.redhat.com/pypi/public-trusted-libraries/main/integrity/hatch-fancy-pypi-readme/25.1.0/hatch-fancy-pypi-readme-25.1.0.tar.gz/provenance/
hatch-vcs,hatch_vcs-0.5.0-0-py3-none-any.whl,0.5.0,Yes,Yes,https://packages.redhat.com/pypi/public-trusted-libraries/main/integrity/hatch-vcs/0.5.0/hatch_vcs-0.5.0-0-py3-none-any.whl/provenance/
hatch-vcs,hatch-vcs-0.5.0.tar.gz,0.5.0,No,Yes,https://packages.redhat.com/pypi/public-trusted-libraries/main/integrity/hatch-vcs/0.5.0/hatch-vcs-0.5.0.tar.gz/provenance/
hatchling,hatchling-1.28.0-0-py3-none-any.whl,1.28.0,Yes,Yes,https://packages.redhat.com/pypi/public-trusted-libraries/main/integrity/hatchling/1.28.0/hatchling-1.28.0-0-py3-none-any.whl/provenance/
hatchling,hatchling-1.28.0.tar.gz,1.28.0,No,Yes,https://packages.redhat.com/pypi/public-trusted-libraries/main/integrity/hatchling/1.28.0/hatchling-1.28.0.tar.gz/provenance/
hatchling,hatchling-1.29.0-0-py3-none-any.whl,1.29.0,Yes,Yes,https://packages.redhat.com/pypi/public-trusted-libraries/main/integrity/hatchling/1.29.0/hatchling-1.29.0-0-py3-none-any.whl/provenance/
hatchling,hatchling-1.29.0.tar.gz,1.29.0,No,Yes,https://packages.redhat.com/pypi/public-trusted-libraries/main/integrity/hatchling/1.29.0/hatchling-1.29.0.tar.gz/provenance/
hpack,hpack-4.1.0-0-py3-none-any.whl,4.1.0,Yes,Yes,https://packages.redhat.com/pypi/public-trusted-libraries/main/integrity/hpack/4.1.0/hpack-4.1.0-0-py3-none-any.whl/provenance/
hpack,hpack-4.1.0.tar.gz,4.1.0,No,Yes,https://packages.redhat.com/pypi/public-trusted-libraries/main/integrity/hpack/4.1.0/hpack-4.1.0.tar.gz/provenance/
html2text,html2text-2025.4.15-0-py3-none-any.whl,2025.4.15,Yes,Yes,https://packages.redhat.com/pypi/public-trusted-libraries/main/integrity/html2text/2025.4.15/html2text-2025.4.15-0-py3-none-any.whl/provenance/
html2text,html2text-2025.4.15.tar.gz,2025.4.15,No,Yes,https://packages.redhat.com/pypi/public-trusted-libraries/main/integrity/html2text/2025.4.15/html2text-2025.4.15.tar.gz/provenance/
httpcore,httpcore-1.0.9-0-py3-none-any.whl,1.0.9,Yes,Yes,https://packages.redhat.com/pypi/public-trusted-libraries/main/integrity/httpcore/1.0.9/httpcore-1.0.9-0-py3-none-any.whl/provenance/
httpcore,httpcore-1.0.9.tar.gz,1.0.9,No,Yes,https://packages.redhat.com/pypi/public-trusted-libraries/main/integrity/httpcore/1.0.9/httpcore-1.0.9.tar.gz/provenance/
httplib2,httplib2-0.31.2-0-py3-none-any.whl,0.31.2,Yes,Yes,https://packages.redhat.com/pypi/public-trusted-libraries/main/integrity/httplib2/0.31.2/httplib2-0.31.2-0-py3-none-any.whl/provenance/
httplib2,httplib2-0.31.2.tar.gz,0.31.2,No,Yes,https://packages.redhat.com/pypi/public-trusted-libraries/main/integrity/httplib2/0.31.2/httplib2-0.31.2.tar.gz/provenance/
httpx,httpx-0.28.1-0-py3-none-any.whl,0.28.1,Yes,Yes,https://packages.redhat.com/pypi/public-trusted-libraries/main/integrity/httpx/0.28.1/httpx-0.28.1-0-py3-none-any.whl/provenance/
httpx,httpx-0.28.1.tar.gz,0.28.1,No,Yes,https://packages.redhat.com/pypi/public-trusted-libraries/main/integrity/httpx/0.28.1/httpx-0.28.1.tar.gz/provenance/
humanfriendly,humanfriendly-10.0-0-py2.py3-none-any.whl,10.0,Yes,Yes,https://packages.redhat.com/pypi/public-trusted-libraries/main/integrity/humanfriendly/10.0/humanfriendly-10.0-0-py2.py3-none-any.whl/provenance/
humanfriendly,humanfriendly-10.0.tar.gz,10.0,No,Yes,https://packages.redhat.com/pypi/public-trusted-libraries/main/integrity/humanfriendly/10.0/humanfriendly-10.0.tar.gz/provenance/
humanize,humanize-4.15.0-0-py3-none-any.whl,4.15.0,Yes,Yes,https://packages.redhat.com/pypi/public-trusted-libraries/main/integrity/humanize/4.15.0/humanize-4.15.0-0-py3-none-any.whl/provenance/
humanize,humanize-4.15.0.tar.gz,4.15.0,No,Yes,https://packages.redhat.com/pypi/public-trusted-libraries/main/integrity/humanize/4.15.0/humanize-4.15.0.tar.gz/provenance/
hyperframe,hyperframe-6.1.0-0-py3-none-any.whl,6.1.0,Yes,Yes,https://packages.redhat.com/pypi/public-trusted-libraries/main/integrity/hyperframe/6.1.0/hyperframe-6.1.0-0-py3-none-any.whl/provenance/
hyperframe,hyperframe-6.1.0.tar.gz,6.1.0,No,Yes,https://packages.redhat.com/pypi/public-trusted-libraries/main/integrity/hyperframe/6.1.0/hyperframe-6.1.0.tar.gz/provenance/
idna,idna-3.11-0-py3-none-any.whl,3.11,Yes,Yes,https://packages.redhat.com/pypi/public-trusted-libraries/main/integrity/idna/3.11/idna-3.11-0-py3-none-any.whl/provenance/
idna,idna-3.11.tar.gz,3.11,No,Yes,https://packages.redhat.com/pypi/public-trusted-libraries/main/integrity/idna/3.11/idna-3.11.tar.gz/provenance/
importlib-metadata,importlib-metadata-8.7.1.tar.gz,8.7.1,No,Yes,https://packages.redhat.com/pypi/public-trusted-libraries/main/integrity/importlib-metadata/8.7.1/importlib-metadata-8.7.1.tar.gz/provenance/
importlib-metadata,importlib_metadata-8.7.1-0-py3-none-any.whl,8.7.1,Yes,Yes,https://packages.redhat.com/pypi/public-trusted-libraries/main/integrity/importlib-metadata/8.7.1/importlib_metadata-8.7.1-0-py3-none-any.whl/provenance/
iniconfig,iniconfig-2.3.0-0-py3-none-any.whl,2.3.0,Yes,Yes,https://packages.redhat.com/pypi/public-trusted-libraries/main/integrity/iniconfig/2.3.0/iniconfig-2.3.0-0-py3-none-any.whl/provenance/
iniconfig,iniconfig-2.3.0.tar.gz,2.3.0,No,Yes,https://packages.redhat.com/pypi/public-trusted-libraries/main/integrity/iniconfig/2.3.0/iniconfig-2.3.0.tar.gz/provenance/
installer,installer-0.7.0-0-py3-none-any.whl,0.7.0,Yes,Yes,https://packages.redhat.com/pypi/public-trusted-libraries/main/integrity/installer/0.7.0/installer-0.7.0-0-py3-none-any.whl/provenance/
installer,installer-0.7.0.tar.gz,0.7.0,No,Yes,https://packages.redhat.com/pypi/public-trusted-libraries/main/integrity/installer/0.7.0/installer-0.7.0.tar.gz/provenance/
invoke,invoke-2.2.1-0-py3-none-any.whl,2.2.1,Yes,Yes,https://packages.redhat.com/pypi/public-trusted-libraries/main/integrity/invoke/2.2.1/invoke-2.2.1-0-py3-none-any.whl/provenance/
invoke,invoke-2.2.1.tar.gz,2.2.1,No,Yes,https://packages.redhat.com/pypi/public-trusted-libraries/main/integrity/invoke/2.2.1/invoke-2.2.1.tar.gz/provenance/
isodate,isodate-0.7.2-0-py3-none-any.whl,0.7.2,Yes,Yes,https://packages.redhat.com/pypi/public-trusted-libraries/main/integrity/isodate/0.7.2/isodate-0.7.2-0-py3-none-any.whl/provenance/
isodate,isodate-0.7.2.tar.gz,0.7.2,No,Yes,https://packages.redhat.com/pypi/public-trusted-libraries/main/integrity/isodate/0.7.2/isodate-0.7.2.tar.gz/provenance/
isort,isort-7.0.0-0-py3-none-any.whl,7.0.0,Yes,Yes,https://packages.redhat.com/pypi/public-trusted-libraries/main/integrity/isort/7.0.0/isort-7.0.0-0-py3-none-any.whl/provenance/
isort,isort-7.0.0.tar.gz,7.0.0,No,Yes,https://packages.redhat.com/pypi/public-trusted-libraries/main/integrity/isort/7.0.0/isort-7.0.0.tar.gz/provenance/
itsdangerous,itsdangerous-2.2.0-0-py3-none-any.whl,2.2.0,Yes,Yes,https://packages.redhat.com/pypi/public-trusted-libraries/main/integrity/itsdangerous/2.2.0/itsdangerous-2.2.0-0-py3-none-any.whl/provenance/
itsdangerous,itsdangerous-2.2.0.tar.gz,2.2.0,No,Yes,https://packages.redhat.com/pypi/public-trusted-libraries/main/integrity/itsdangerous/2.2.0/itsdangerous-2.2.0.tar.gz/provenance/
jinja2,jinja2-3.1.6-0-py3-none-any.whl,3.1.6,Yes,Yes,https://packages.redhat.com/pypi/public-trusted-libraries/main/integrity/jinja2/3.1.6/jinja2-3.1.6-0-py3-none-any.whl/provenance/
jinja2,jinja2-3.1.6.tar.gz,3.1.6,No,Yes,https://packages.redhat.com/pypi/public-trusted-libraries/main/integrity/jinja2/3.1.6/jinja2-3.1.6.tar.gz/provenance/
jmespath,jmespath-1.1.0-0-py3-none-any.whl,1.1.0,Yes,Yes,https://packages.redhat.com/pypi/public-trusted-libraries/main/integrity/jmespath/1.1.0/jmespath-1.1.0-0-py3-none-any.whl/provenance/
jmespath,jmespath-1.1.0.tar.gz,1.1.0,No,Yes,https://packages.redhat.com/pypi/public-trusted-libraries/main/integrity/jmespath/1.1.0/jmespath-1.1.0.tar.gz/provenance/
jsonlines,jsonlines-4.0.0-0-py3-none-any.whl,4.0.0,Yes,Yes,https://packages.redhat.com/pypi/public-trusted-libraries/main/integrity/jsonlines/4.0.0/jsonlines-4.0.0-0-py3-none-any.whl/provenance/
jsonlines,jsonlines-4.0.0.tar.gz,4.0.0,No,Yes,https://packages.redhat.com/pypi/public-trusted-libraries/main/integrity/jsonlines/4.0.0/jsonlines-4.0.0.tar.gz/provenance/
jsonpatch,jsonpatch-1.33-0-py2.py3-none-any.whl,1.33,Yes,Yes,https://packages.redhat.com/pypi/public-trusted-libraries/main/integrity/jsonpatch/1.33/jsonpatch-1.33-0-py2.py3-none-any.whl/provenance/
jsonpatch,jsonpatch-1.33.tar.gz,1.33,No,Yes,https://packages.redhat.com/pypi/public-trusted-libraries/main/integrity/jsonpatch/1.33/jsonpatch-1.33.tar.gz/provenance/
jsonpointer,jsonpointer-3.0.0-0-py2.py3-none-any.whl,3.0.0,Yes,Yes,https://packages.redhat.com/pypi/public-trusted-libraries/main/integrity/jsonpointer/3.0.0/jsonpointer-3.0.0-0-py2.py3-none-any.whl/provenance/
jsonpointer,jsonpointer-3.0.0.tar.gz,3.0.0,No,Yes,https://packages.redhat.com/pypi/public-trusted-libraries/main/integrity/jsonpointer/3.0.0/jsonpointer-3.0.0.tar.gz/provenance/
jsonref,jsonref-1.1.0-0-py3-none-any.whl,1.1.0,Yes,Yes,https://packages.redhat.com/pypi/public-trusted-libraries/main/integrity/jsonref/1.1.0/jsonref-1.1.0-0-py3-none-any.whl/provenance/
jsonref,jsonref-1.1.0.tar.gz,1.1.0,No,Yes,https://packages.redhat.com/pypi/public-trusted-libraries/main/integrity/jsonref/1.1.0/jsonref-1.1.0.tar.gz/provenance/
jsonschema,jsonschema-4.26.0-0-py3-none-any.whl,4.26.0,Yes,Yes,https://packages.redhat.com/pypi/public-trusted-libraries/main/integrity/jsonschema/4.26.0/jsonschema-4.26.0-0-py3-none-any.whl/provenance/
jsonschema,jsonschema-4.26.0.tar.gz,4.26.0,No,Yes,https://packages.redhat.com/pypi/public-trusted-libraries/main/integrity/jsonschema/4.26.0/jsonschema-4.26.0.tar.gz/provenance/
jsonschema-specifications,jsonschema_specifications-2025.9.1-0-py3-none-any.whl,2025.9.1,Yes,Yes,https://packages.redhat.com/pypi/public-trusted-libraries/main/integrity/jsonschema-specifications/2025.9.1/jsonschema_specifications-2025.9.1-0-py3-none-any.whl/provenance/
jsonschema-specifications,jsonschema-specifications-2025.9.1.tar.gz,2025.9.1,No,Yes,https://packages.redhat.com/pypi/public-trusted-libraries/main/integrity/jsonschema-specifications/2025.9.1/jsonschema-specifications-2025.9.1.tar.gz/provenance/
kombu,kombu-5.6.2-0-py3-none-any.whl,5.6.2,Yes,Yes,https://packages.redhat.com/pypi/public-trusted-libraries/main/integrity/kombu/5.6.2/kombu-5.6.2-0-py3-none-any.whl/provenance/
kombu,kombu-5.6.2.tar.gz,5.6.2,No,Yes,https://packages.redhat.com/pypi/public-trusted-libraries/main/integrity/kombu/5.6.2/kombu-5.6.2.tar.gz/provenance/
librt,librt-0.8.1-0-cp312-cp312-manylinux2014_x86_64.manylinux_2_17_x86_64.manylinux_2_28_x86_64.whl,0.8.1,Yes,Yes,https://packages.redhat.com/pypi/public-trusted-libraries/main/integrity/librt/0.8.1/librt-0.8.1-0-cp312-cp312-manylinux2014_x86_64.manylinux_2_17_x86_64.manylinux_2_28_x86_64.whl/provenance/
librt,librt-0.8.1.tar.gz,0.8.1,No,Yes,https://packages.redhat.com/pypi/public-trusted-libraries/main/integrity/librt/0.8.1/librt-0.8.1.tar.gz/provenance/
limits,limits-5.8.0.tar.gz,5.8.0,No,Yes,https://packages.redhat.com/pypi/public-trusted-libraries/main/integrity/limits/5.8.0/limits-5.8.0.tar.gz/provenance/
limits,limits-5.8.0-0-py3-none-any.whl,5.8.0,Yes,Yes,https://packages.redhat.com/pypi/public-trusted-libraries/main/integrity/limits/5.8.0/limits-5.8.0-0-py3-none-any.whl/provenance/
locket,locket-1.0.0-0-py2.py3-none-any.whl,1.0.0,Yes,Yes,https://packages.redhat.com/pypi/public-trusted-libraries/main/integrity/locket/1.0.0/locket-1.0.0-0-py2.py3-none-any.whl/provenance/
locket,locket-1.0.0.tar.gz,1.0.0,No,Yes,https://packages.redhat.com/pypi/public-trusted-libraries/main/integrity/locket/1.0.0/locket-1.0.0.tar.gz/provenance/
loguru,loguru-0.7.3.tar.gz,0.7.3,No,Yes,https://packages.redhat.com/pypi/public-trusted-libraries/main/integrity/loguru/0.7.3/loguru-0.7.3.tar.gz/provenance/
loguru,loguru-0.7.3-0-py3-none-any.whl,0.7.3,Yes,Yes,https://packages.redhat.com/pypi/public-trusted-libraries/main/integrity/loguru/0.7.3/loguru-0.7.3-0-py3-none-any.whl/provenance/
mako,mako-1.3.10-0-py3-none-any.whl,1.3.10,Yes,Yes,https://packages.redhat.com/pypi/public-trusted-libraries/main/integrity/mako/1.3.10/mako-1.3.10-0-py3-none-any.whl/provenance/
mako,mako-1.3.10.tar.gz,1.3.10,No,Yes,https://packages.redhat.com/pypi/public-trusted-libraries/main/integrity/mako/1.3.10/mako-1.3.10.tar.gz/provenance/
markdown,markdown-3.10.2-0-py3-none-any.whl,3.10.2,Yes,Yes,https://packages.redhat.com/pypi/public-trusted-libraries/main/integrity/markdown/3.10.2/markdown-3.10.2-0-py3-none-any.whl/provenance/
markdown,markdown-3.10.2.tar.gz,3.10.2,No,Yes,https://packages.redhat.com/pypi/public-trusted-libraries/main/integrity/markdown/3.10.2/markdown-3.10.2.tar.gz/provenance/
markdown-it-py,markdown_it_py-4.0.0-0-py3-none-any.whl,4.0.0,Yes,Yes,https://packages.redhat.com/pypi/public-trusted-libraries/main/integrity/markdown-it-py/4.0.0/markdown_it_py-4.0.0-0-py3-none-any.whl/provenance/
markdown-it-py,markdown-it-py-4.0.0.tar.gz,4.0.0,No,Yes,https://packages.redhat.com/pypi/public-trusted-libraries/main/integrity/markdown-it-py/4.0.0/markdown-it-py-4.0.0.tar.gz/provenance/
markupsafe,markupsafe-3.0.3-0-cp312-cp312-linux_x86_64.whl,3.0.3,Yes,Yes,https://packages.redhat.com/pypi/public-trusted-libraries/main/integrity/markupsafe/3.0.3/markupsafe-3.0.3-0-cp312-cp312-linux_x86_64.whl/provenance/
markupsafe,markupsafe-3.0.3-0-cp312-cp312-manylinux2014_x86_64.manylinux_2_17_x86_64.manylinux_2_28_x86_64.whl,3.0.3,Yes,Yes,https://packages.redhat.com/pypi/public-trusted-libraries/main/integrity/markupsafe/3.0.3/markupsafe-3.0.3-0-cp312-cp312-manylinux2014_x86_64.manylinux_2_17_x86_64.manylinux_2_28_x86_64.whl/provenance/
markupsafe,MarkupSafe-3.0.3.tar.gz,3.0.3,No,Yes,https://packages.redhat.com/pypi/public-trusted-libraries/main/integrity/markupsafe/3.0.3/MarkupSafe-3.0.3.tar.gz/provenance/
marshmallow,marshmallow-4.2.1-0-py3-none-any.whl,4.2.1,Yes,Yes,https://packages.redhat.com/pypi/public-trusted-libraries/main/integrity/marshmallow/4.2.1/marshmallow-4.2.1-0-py3-none-any.whl/provenance/
marshmallow,marshmallow-4.2.1.tar.gz,4.2.1,No,Yes,https://packages.redhat.com/pypi/public-trusted-libraries/main/integrity/marshmallow/4.2.1/marshmallow-4.2.1.tar.gz/provenance/
marshmallow,marshmallow-4.2.2-0-py3-none-any.whl,4.2.2,Yes,Yes,https://packages.redhat.com/pypi/public-trusted-libraries/main/integrity/marshmallow/4.2.2/marshmallow-4.2.2-0-py3-none-any.whl/provenance/
marshmallow,marshmallow-4.2.2.tar.gz,4.2.2,No,Yes,https://packages.redhat.com/pypi/public-trusted-libraries/main/integrity/marshmallow/4.2.2/marshmallow-4.2.2.tar.gz/provenance/
marshmallow-sqlalchemy,marshmallow_sqlalchemy-1.4.2-0-py3-none-any.whl,1.4.2,Yes,Yes,https://packages.redhat.com/pypi/public-trusted-libraries/main/integrity/marshmallow-sqlalchemy/1.4.2/marshmallow_sqlalchemy-1.4.2-0-py3-none-any.whl/provenance/
marshmallow-sqlalchemy,marshmallow-sqlalchemy-1.4.2.tar.gz,1.4.2,No,Yes,https://packages.redhat.com/pypi/public-trusted-libraries/main/integrity/marshmallow-sqlalchemy/1.4.2/marshmallow-sqlalchemy-1.4.2.tar.gz/provenance/
maturin,maturin-1.12.4-0-cp312-cp312-manylinux_2_28_x86_64.whl,1.12.4,Yes,Yes,https://packages.redhat.com/pypi/public-trusted-libraries/main/integrity/maturin/1.12.4/maturin-1.12.4-0-cp312-cp312-manylinux_2_28_x86_64.whl/provenance/
maturin,maturin-1.12.4.tar.gz,1.12.4,No,Yes,https://packages.redhat.com/pypi/public-trusted-libraries/main/integrity/maturin/1.12.4/maturin-1.12.4.tar.gz/provenance/
mccabe,mccabe-0.7.0-0-py2.py3-none-any.whl,0.7.0,Yes,Yes,https://packages.redhat.com/pypi/public-trusted-libraries/main/integrity/mccabe/0.7.0/mccabe-0.7.0-0-py2.py3-none-any.whl/provenance/
mccabe,mccabe-0.7.0.tar.gz,0.7.0,No,Yes,https://packages.redhat.com/pypi/public-trusted-libraries/main/integrity/mccabe/0.7.0/mccabe-0.7.0.tar.gz/provenance/
mdurl,mdurl-0.1.2-0-py3-none-any.whl,0.1.2,Yes,Yes,https://packages.redhat.com/pypi/public-trusted-libraries/main/integrity/mdurl/0.1.2/mdurl-0.1.2-0-py3-none-any.whl/provenance/
mdurl,mdurl-0.1.2.tar.gz,0.1.2,No,Yes,https://packages.redhat.com/pypi/public-trusted-libraries/main/integrity/mdurl/0.1.2/mdurl-0.1.2.tar.gz/provenance/
meson,meson-1.10.1-0-py3-none-any.whl,1.10.1,Yes,Yes,https://packages.redhat.com/pypi/public-trusted-libraries/main/integrity/meson/1.10.1/meson-1.10.1-0-py3-none-any.whl/provenance/
meson,meson-1.10.1.tar.gz,1.10.1,No,Yes,https://packages.redhat.com/pypi/public-trusted-libraries/main/integrity/meson/1.10.1/meson-1.10.1.tar.gz/provenance/
meson-python,meson_python-0.19.0-0-py3-none-any.whl,0.19.0,Yes,Yes,https://packages.redhat.com/pypi/public-trusted-libraries/main/integrity/meson-python/0.19.0/meson_python-0.19.0-0-py3-none-any.whl/provenance/
meson-python,meson-python-0.19.0.tar.gz,0.19.0,No,Yes,https://packages.redhat.com/pypi/public-trusted-libraries/main/integrity/meson-python/0.19.0/meson-python-0.19.0.tar.gz/provenance/
mistune,mistune-3.2.0-0-py3-none-any.whl,3.2.0,Yes,Yes,https://packages.redhat.com/pypi/public-trusted-libraries/main/integrity/mistune/3.2.0/mistune-3.2.0-0-py3-none-any.whl/provenance/
mistune,mistune-3.2.0.tar.gz,3.2.0,No,Yes,https://packages.redhat.com/pypi/public-trusted-libraries/main/integrity/mistune/3.2.0/mistune-3.2.0.tar.gz/provenance/
mock,mock-5.2.0-0-py3-none-any.whl,5.2.0,Yes,Yes,https://packages.redhat.com/pypi/public-trusted-libraries/main/integrity/mock/5.2.0/mock-5.2.0-0-py3-none-any.whl/provenance/
mock,mock-5.2.0.tar.gz,5.2.0,No,Yes,https://packages.redhat.com/pypi/public-trusted-libraries/main/integrity/mock/5.2.0/mock-5.2.0.tar.gz/provenance/
more-itertools,more_itertools-10.8.0-0-py3-none-any.whl,10.8.0,Yes,Yes,https://packages.redhat.com/pypi/public-trusted-libraries/main/integrity/more-itertools/10.8.0/more_itertools-10.8.0-0-py3-none-any.whl/provenance/
more-itertools,more-itertools-10.8.0.tar.gz,10.8.0,No,Yes,https://packages.redhat.com/pypi/public-trusted-libraries/main/integrity/more-itertools/10.8.0/more-itertools-10.8.0.tar.gz/provenance/
msgpack,msgpack-1.1.2-0-cp312-cp312-manylinux2014_x86_64.manylinux_2_17_x86_64.manylinux_2_28_x86_64.whl,1.1.2,Yes,Yes,https://packages.redhat.com/pypi/public-trusted-libraries/main/integrity/msgpack/1.1.2/msgpack-1.1.2-0-cp312-cp312-manylinux2014_x86_64.manylinux_2_17_x86_64.manylinux_2_28_x86_64.whl/provenance/
msgpack,msgpack-1.1.2.tar.gz,1.1.2,No,Yes,https://packages.redhat.com/pypi/public-trusted-libraries/main/integrity/msgpack/1.1.2/msgpack-1.1.2.tar.gz/provenance/
multidict,multidict-6.7.1-0-cp312-cp312-manylinux2014_x86_64.manylinux_2_17_x86_64.manylinux_2_28_x86_64.whl,6.7.1,Yes,Yes,https://packages.redhat.com/pypi/public-trusted-libraries/main/integrity/multidict/6.7.1/multidict-6.7.1-0-cp312-cp312-manylinux2014_x86_64.manylinux_2_17_x86_64.manylinux_2_28_x86_64.whl/provenance/
multidict,multidict-6.7.1.tar.gz,6.7.1,No,Yes,https://packages.redhat.com/pypi/public-trusted-libraries/main/integrity/multidict/6.7.1/multidict-6.7.1.tar.gz/provenance/
mypy,mypy-1.19.1-0-py3-none-any.whl,1.19.1,Yes,Yes,https://packages.redhat.com/pypi/public-trusted-libraries/main/integrity/mypy/1.19.1/mypy-1.19.1-0-py3-none-any.whl/provenance/
mypy,mypy-1.19.1.tar.gz,1.19.1,No,Yes,https://packages.redhat.com/pypi/public-trusted-libraries/main/integrity/mypy/1.19.1/mypy-1.19.1.tar.gz/provenance/
mypy-extensions,mypy_extensions-1.1.0-0-py3-none-any.whl,1.1.0,Yes,Yes,https://packages.redhat.com/pypi/public-trusted-libraries/main/integrity/mypy-extensions/1.1.0/mypy_extensions-1.1.0-0-py3-none-any.whl/provenance/
mypy-extensions,mypy_extensions-1.1.0.tar.gz,1.1.0,No,Yes,https://packages.redhat.com/pypi/public-trusted-libraries/main/integrity/mypy-extensions/1.1.0/mypy_extensions-1.1.0.tar.gz/provenance/
mypy-extensions,mypy-extensions-1.1.0.tar.gz,1.1.0,No,Yes,https://packages.redhat.com/pypi/public-trusted-libraries/main/integrity/mypy-extensions/1.1.0/mypy-extensions-1.1.0.tar.gz/provenance/
nest-asyncio,nest-asyncio-1.6.0.tar.gz,1.6.0,No,Yes,https://packages.redhat.com/pypi/public-trusted-libraries/main/integrity/nest-asyncio/1.6.0/nest-asyncio-1.6.0.tar.gz/provenance/
nest-asyncio,nest_asyncio-1.6.0-0-py3-none-any.whl,1.6.0,Yes,Yes,https://packages.redhat.com/pypi/public-trusted-libraries/main/integrity/nest-asyncio/1.6.0/nest_asyncio-1.6.0-0-py3-none-any.whl/provenance/
networkx,networkx-3.6.1-0-py3-none-any.whl,3.6.1,Yes,Yes,https://packages.redhat.com/pypi/public-trusted-libraries/main/integrity/networkx/3.6.1/networkx-3.6.1-0-py3-none-any.whl/provenance/
networkx,networkx-3.6.1.tar.gz,3.6.1,No,Yes,https://packages.redhat.com/pypi/public-trusted-libraries/main/integrity/networkx/3.6.1/networkx-3.6.1.tar.gz/provenance/
numpy,numpy-2.3.5-0-cp312-cp312-manylinux_2_27_x86_64.manylinux_2_28_x86_64.whl,2.3.5,Yes,Yes,https://packages.redhat.com/pypi/public-trusted-libraries/main/integrity/numpy/2.3.5/numpy-2.3.5-0-cp312-cp312-manylinux_2_27_x86_64.manylinux_2_28_x86_64.whl/provenance/
numpy,numpy-2.3.5.tar.gz,2.3.5,No,Yes,https://packages.redhat.com/pypi/public-trusted-libraries/main/integrity/numpy/2.3.5/numpy-2.3.5.tar.gz/provenance/
oauthlib,oauthlib-3.3.1-0-py3-none-any.whl,3.3.1,Yes,Yes,https://packages.redhat.com/pypi/public-trusted-libraries/main/integrity/oauthlib/3.3.1/oauthlib-3.3.1-0-py3-none-any.whl/provenance/
oauthlib,oauthlib-3.3.1.tar.gz,3.3.1,No,Yes,https://packages.redhat.com/pypi/public-trusted-libraries/main/integrity/oauthlib/3.3.1/oauthlib-3.3.1.tar.gz/provenance/
openpyxl,openpyxl-3.1.5-0-py2.py3-none-any.whl,3.1.5,Yes,Yes,https://packages.redhat.com/pypi/public-trusted-libraries/main/integrity/openpyxl/3.1.5/openpyxl-3.1.5-0-py2.py3-none-any.whl/provenance/
openpyxl,openpyxl-3.1.5.tar.gz,3.1.5,No,Yes,https://packages.redhat.com/pypi/public-trusted-libraries/main/integrity/openpyxl/3.1.5/openpyxl-3.1.5.tar.gz/provenance/
opentelemetry-api,opentelemetry_api-1.39.1-0-py3-none-any.whl,1.39.1,Yes,Yes,https://packages.redhat.com/pypi/public-trusted-libraries/main/integrity/opentelemetry-api/1.39.1/opentelemetry_api-1.39.1-0-py3-none-any.whl/provenance/
opentelemetry-api,opentelemetry-api-1.39.1.tar.gz,1.39.1,No,Yes,https://packages.redhat.com/pypi/public-trusted-libraries/main/integrity/opentelemetry-api/1.39.1/opentelemetry-api-1.39.1.tar.gz/provenance/
opentelemetry-distro,opentelemetry_distro-0.60b1-0-py3-none-any.whl,0.60b1,Yes,Yes,https://packages.redhat.com/pypi/public-trusted-libraries/main/integrity/opentelemetry-distro/0.60b1/opentelemetry_distro-0.60b1-0-py3-none-any.whl/provenance/
opentelemetry-distro,opentelemetry-distro-0.60b1.tar.gz,0.60b1,No,Yes,https://packages.redhat.com/pypi/public-trusted-libraries/main/integrity/opentelemetry-distro/0.60b1/opentelemetry-distro-0.60b1.tar.gz/provenance/
opentelemetry-exporter-otlp,opentelemetry-exporter-otlp-1.39.1.tar.gz,1.39.1,No,Yes,https://packages.redhat.com/pypi/public-trusted-libraries/main/integrity/opentelemetry-exporter-otlp/1.39.1/opentelemetry-exporter-otlp-1.39.1.tar.gz/provenance/
opentelemetry-exporter-otlp,opentelemetry_exporter_otlp-1.39.1-0-py3-none-any.whl,1.39.1,Yes,Yes,https://packages.redhat.com/pypi/public-trusted-libraries/main/integrity/opentelemetry-exporter-otlp/1.39.1/opentelemetry_exporter_otlp-1.39.1-0-py3-none-any.whl/provenance/
opentelemetry-exporter-otlp-proto-common,opentelemetry-exporter-otlp-proto-common-1.39.1.tar.gz,1.39.1,No,Yes,https://packages.redhat.com/pypi/public-trusted-libraries/main/integrity/opentelemetry-exporter-otlp-proto-common/1.39.1/opentelemetry-exporter-otlp-proto-common-1.39.1.tar.gz/provenance/
opentelemetry-exporter-otlp-proto-common,opentelemetry_exporter_otlp_proto_common-1.39.1-0-py3-none-any.whl,1.39.1,Yes,Yes,https://packages.redhat.com/pypi/public-trusted-libraries/main/integrity/opentelemetry-exporter-otlp-proto-common/1.39.1/opentelemetry_exporter_otlp_proto_common-1.39.1-0-py3-none-any.whl/provenance/
opentelemetry-exporter-otlp-proto-grpc,opentelemetry_exporter_otlp_proto_grpc-1.39.1-0-py3-none-any.whl,1.39.1,Yes,Yes,https://packages.redhat.com/pypi/public-trusted-libraries/main/integrity/opentelemetry-exporter-otlp-proto-grpc/1.39.1/opentelemetry_exporter_otlp_proto_grpc-1.39.1-0-py3-none-any.whl/provenance/
opentelemetry-exporter-otlp-proto-grpc,opentelemetry-exporter-otlp-proto-grpc-1.39.1.tar.gz,1.39.1,No,Yes,https://packages.redhat.com/pypi/public-trusted-libraries/main/integrity/opentelemetry-exporter-otlp-proto-grpc/1.39.1/opentelemetry-exporter-otlp-proto-grpc-1.39.1.tar.gz/provenance/
opentelemetry-exporter-otlp-proto-http,opentelemetry_exporter_otlp_proto_http-1.39.1-0-py3-none-any.whl,1.39.1,Yes,Yes,https://packages.redhat.com/pypi/public-trusted-libraries/main/integrity/opentelemetry-exporter-otlp-proto-http/1.39.1/opentelemetry_exporter_otlp_proto_http-1.39.1-0-py3-none-any.whl/provenance/
opentelemetry-exporter-otlp-proto-http,opentelemetry-exporter-otlp-proto-http-1.39.1.tar.gz,1.39.1,No,Yes,https://packages.redhat.com/pypi/public-trusted-libraries/main/integrity/opentelemetry-exporter-otlp-proto-http/1.39.1/opentelemetry-exporter-otlp-proto-http-1.39.1.tar.gz/provenance/
opentelemetry-exporter-prometheus,opentelemetry_exporter_prometheus-0.60b1-0-py3-none-any.whl,0.60b1,Yes,Yes,https://packages.redhat.com/pypi/public-trusted-libraries/main/integrity/opentelemetry-exporter-prometheus/0.60b1/opentelemetry_exporter_prometheus-0.60b1-0-py3-none-any.whl/provenance/
opentelemetry-exporter-prometheus,opentelemetry-exporter-prometheus-0.60b1.tar.gz,0.60b1,No,Yes,https://packages.redhat.com/pypi/public-trusted-libraries/main/integrity/opentelemetry-exporter-prometheus/0.60b1/opentelemetry-exporter-prometheus-0.60b1.tar.gz/provenance/
opentelemetry-instrumentation,opentelemetry_instrumentation-0.60b1-0-py3-none-any.whl,0.60b1,Yes,Yes,https://packages.redhat.com/pypi/public-trusted-libraries/main/integrity/opentelemetry-instrumentation/0.60b1/opentelemetry_instrumentation-0.60b1-0-py3-none-any.whl/provenance/
opentelemetry-instrumentation,opentelemetry-instrumentation-0.60b1.tar.gz,0.60b1,No,Yes,https://packages.redhat.com/pypi/public-trusted-libraries/main/integrity/opentelemetry-instrumentation/0.60b1/opentelemetry-instrumentation-0.60b1.tar.gz/provenance/
opentelemetry-instrumentation-asgi,opentelemetry_instrumentation_asgi-0.60b1-0-py3-none-any.whl,0.60b1,Yes,Yes,https://packages.redhat.com/pypi/public-trusted-libraries/main/integrity/opentelemetry-instrumentation-asgi/0.60b1/opentelemetry_instrumentation_asgi-0.60b1-0-py3-none-any.whl/provenance/
opentelemetry-instrumentation-asgi,opentelemetry-instrumentation-asgi-0.60b1.tar.gz,0.60b1,No,Yes,https://packages.redhat.com/pypi/public-trusted-libraries/main/integrity/opentelemetry-instrumentation-asgi/0.60b1/opentelemetry-instrumentation-asgi-0.60b1.tar.gz/provenance/
opentelemetry-instrumentation-dbapi,opentelemetry_instrumentation_dbapi-0.60b1-0-py3-none-any.whl,0.60b1,Yes,Yes,https://packages.redhat.com/pypi/public-trusted-libraries/main/integrity/opentelemetry-instrumentation-dbapi/0.60b1/opentelemetry_instrumentation_dbapi-0.60b1-0-py3-none-any.whl/provenance/
opentelemetry-instrumentation-dbapi,opentelemetry-instrumentation-dbapi-0.60b1.tar.gz,0.60b1,No,Yes,https://packages.redhat.com/pypi/public-trusted-libraries/main/integrity/opentelemetry-instrumentation-dbapi/0.60b1/opentelemetry-instrumentation-dbapi-0.60b1.tar.gz/provenance/
opentelemetry-instrumentation-django,opentelemetry_instrumentation_django-0.60b1-0-py3-none-any.whl,0.60b1,Yes,Yes,https://packages.redhat.com/pypi/public-trusted-libraries/main/integrity/opentelemetry-instrumentation-django/0.60b1/opentelemetry_instrumentation_django-0.60b1-0-py3-none-any.whl/provenance/
opentelemetry-instrumentation-django,opentelemetry-instrumentation-django-0.60b1.tar.gz,0.60b1,No,Yes,https://packages.redhat.com/pypi/public-trusted-libraries/main/integrity/opentelemetry-instrumentation-django/0.60b1/opentelemetry-instrumentation-django-0.60b1.tar.gz/provenance/
opentelemetry-instrumentation-fastapi,opentelemetry_instrumentation_fastapi-0.60b1-0-py3-none-any.whl,0.60b1,Yes,Yes,https://packages.redhat.com/pypi/public-trusted-libraries/main/integrity/opentelemetry-instrumentation-fastapi/0.60b1/opentelemetry_instrumentation_fastapi-0.60b1-0-py3-none-any.whl/provenance/
opentelemetry-instrumentation-fastapi,opentelemetry-instrumentation-fastapi-0.60b1.tar.gz,0.60b1,No,Yes,https://packages.redhat.com/pypi/public-trusted-libraries/main/integrity/opentelemetry-instrumentation-fastapi/0.60b1/opentelemetry-instrumentation-fastapi-0.60b1.tar.gz/provenance/
opentelemetry-instrumentation-flask,opentelemetry_instrumentation_flask-0.60b1-0-py3-none-any.whl,0.60b1,Yes,Yes,https://packages.redhat.com/pypi/public-trusted-libraries/main/integrity/opentelemetry-instrumentation-flask/0.60b1/opentelemetry_instrumentation_flask-0.60b1-0-py3-none-any.whl/provenance/
opentelemetry-instrumentation-flask,opentelemetry-instrumentation-flask-0.60b1.tar.gz,0.60b1,No,Yes,https://packages.redhat.com/pypi/public-trusted-libraries/main/integrity/opentelemetry-instrumentation-flask/0.60b1/opentelemetry-instrumentation-flask-0.60b1.tar.gz/provenance/
opentelemetry-instrumentation-logging,opentelemetry_instrumentation_logging-0.60b1-0-py3-none-any.whl,0.60b1,Yes,Yes,https://packages.redhat.com/pypi/public-trusted-libraries/main/integrity/opentelemetry-instrumentation-logging/0.60b1/opentelemetry_instrumentation_logging-0.60b1-0-py3-none-any.whl/provenance/
opentelemetry-instrumentation-logging,opentelemetry-instrumentation-logging-0.60b1.tar.gz,0.60b1,No,Yes,https://packages.redhat.com/pypi/public-trusted-libraries/main/integrity/opentelemetry-instrumentation-logging/0.60b1/opentelemetry-instrumentation-logging-0.60b1.tar.gz/provenance/
opentelemetry-instrumentation-psycopg2,opentelemetry_instrumentation_psycopg2-0.60b1-0-py3-none-any.whl,0.60b1,Yes,Yes,https://packages.redhat.com/pypi/public-trusted-libraries/main/integrity/opentelemetry-instrumentation-psycopg2/0.60b1/opentelemetry_instrumentation_psycopg2-0.60b1-0-py3-none-any.whl/provenance/
opentelemetry-instrumentation-psycopg2,opentelemetry-instrumentation-psycopg2-0.60b1.tar.gz,0.60b1,No,Yes,https://packages.redhat.com/pypi/public-trusted-libraries/main/integrity/opentelemetry-instrumentation-psycopg2/0.60b1/opentelemetry-instrumentation-psycopg2-0.60b1.tar.gz/provenance/
opentelemetry-instrumentation-requests,opentelemetry_instrumentation_requests-0.60b1-0-py3-none-any.whl,0.60b1,Yes,Yes,https://packages.redhat.com/pypi/public-trusted-libraries/main/integrity/opentelemetry-instrumentation-requests/0.60b1/opentelemetry_instrumentation_requests-0.60b1-0-py3-none-any.whl/provenance/
opentelemetry-instrumentation-requests,opentelemetry-instrumentation-requests-0.60b1.tar.gz,0.60b1,No,Yes,https://packages.redhat.com/pypi/public-trusted-libraries/main/integrity/opentelemetry-instrumentation-requests/0.60b1/opentelemetry-instrumentation-requests-0.60b1.tar.gz/provenance/
opentelemetry-instrumentation-urllib,opentelemetry_instrumentation_urllib-0.60b1-0-py3-none-any.whl,0.60b1,Yes,Yes,https://packages.redhat.com/pypi/public-trusted-libraries/main/integrity/opentelemetry-instrumentation-urllib/0.60b1/opentelemetry_instrumentation_urllib-0.60b1-0-py3-none-any.whl/provenance/
opentelemetry-instrumentation-urllib,opentelemetry-instrumentation-urllib-0.60b1.tar.gz,0.60b1,No,Yes,https://packages.redhat.com/pypi/public-trusted-libraries/main/integrity/opentelemetry-instrumentation-urllib/0.60b1/opentelemetry-instrumentation-urllib-0.60b1.tar.gz/provenance/
opentelemetry-instrumentation-urllib3,opentelemetry_instrumentation_urllib3-0.60b1-0-py3-none-any.whl,0.60b1,Yes,Yes,https://packages.redhat.com/pypi/public-trusted-libraries/main/integrity/opentelemetry-instrumentation-urllib3/0.60b1/opentelemetry_instrumentation_urllib3-0.60b1-0-py3-none-any.whl/provenance/
opentelemetry-instrumentation-urllib3,opentelemetry-instrumentation-urllib3-0.60b1.tar.gz,0.60b1,No,Yes,https://packages.redhat.com/pypi/public-trusted-libraries/main/integrity/opentelemetry-instrumentation-urllib3/0.60b1/opentelemetry-instrumentation-urllib3-0.60b1.tar.gz/provenance/
opentelemetry-instrumentation-wsgi,opentelemetry_instrumentation_wsgi-0.60b1-0-py3-none-any.whl,0.60b1,Yes,Yes,https://packages.redhat.com/pypi/public-trusted-libraries/main/integrity/opentelemetry-instrumentation-wsgi/0.60b1/opentelemetry_instrumentation_wsgi-0.60b1-0-py3-none-any.whl/provenance/
opentelemetry-instrumentation-wsgi,opentelemetry-instrumentation-wsgi-0.60b1.tar.gz,0.60b1,No,Yes,https://packages.redhat.com/pypi/public-trusted-libraries/main/integrity/opentelemetry-instrumentation-wsgi/0.60b1/opentelemetry-instrumentation-wsgi-0.60b1.tar.gz/provenance/
opentelemetry-proto,opentelemetry_proto-1.39.1-0-py3-none-any.whl,1.39.1,Yes,Yes,https://packages.redhat.com/pypi/public-trusted-libraries/main/integrity/opentelemetry-proto/1.39.1/opentelemetry_proto-1.39.1-0-py3-none-any.whl/provenance/
opentelemetry-proto,opentelemetry-proto-1.39.1.tar.gz,1.39.1,No,Yes,https://packages.redhat.com/pypi/public-trusted-libraries/main/integrity/opentelemetry-proto/1.39.1/opentelemetry-proto-1.39.1.tar.gz/provenance/
opentelemetry-sdk,opentelemetry_sdk-1.39.1-0-py3-none-any.whl,1.39.1,Yes,Yes,https://packages.redhat.com/pypi/public-trusted-libraries/main/integrity/opentelemetry-sdk/1.39.1/opentelemetry_sdk-1.39.1-0-py3-none-any.whl/provenance/
opentelemetry-sdk,opentelemetry-sdk-1.39.1.tar.gz,1.39.1,No,Yes,https://packages.redhat.com/pypi/public-trusted-libraries/main/integrity/opentelemetry-sdk/1.39.1/opentelemetry-sdk-1.39.1.tar.gz/provenance/
opentelemetry-semantic-conventions,opentelemetry_semantic_conventions-0.60b1-0-py3-none-any.whl,0.60b1,Yes,Yes,https://packages.redhat.com/pypi/public-trusted-libraries/main/integrity/opentelemetry-semantic-conventions/0.60b1/opentelemetry_semantic_conventions-0.60b1-0-py3-none-any.whl/provenance/
opentelemetry-semantic-conventions,opentelemetry-semantic-conventions-0.60b1.tar.gz,0.60b1,No,Yes,https://packages.redhat.com/pypi/public-trusted-libraries/main/integrity/opentelemetry-semantic-conventions/0.60b1/opentelemetry-semantic-conventions-0.60b1.tar.gz/provenance/
opentelemetry-util-http,opentelemetry_util_http-0.60b1-0-py3-none-any.whl,0.60b1,Yes,Yes,https://packages.redhat.com/pypi/public-trusted-libraries/main/integrity/opentelemetry-util-http/0.60b1/opentelemetry_util_http-0.60b1-0-py3-none-any.whl/provenance/
opentelemetry-util-http,opentelemetry-util-http-0.60b1.tar.gz,0.60b1,No,Yes,https://packages.redhat.com/pypi/public-trusted-libraries/main/integrity/opentelemetry-util-http/0.60b1/opentelemetry-util-http-0.60b1.tar.gz/provenance/
ordered-set,ordered_set-4.1.0-0-py3-none-any.whl,4.1.0,Yes,Yes,https://packages.redhat.com/pypi/public-trusted-libraries/main/integrity/ordered-set/4.1.0/ordered_set-4.1.0-0-py3-none-any.whl/provenance/
ordered-set,ordered-set-4.1.0.tar.gz,4.1.0,No,Yes,https://packages.redhat.com/pypi/public-trusted-libraries/main/integrity/ordered-set/4.1.0/ordered-set-4.1.0.tar.gz/provenance/
packaging,packaging-26.0-0-py3-none-any.whl,26.0,Yes,Yes,https://packages.redhat.com/pypi/public-trusted-libraries/main/integrity/packaging/26.0/packaging-26.0-0-py3-none-any.whl/provenance/
packaging,packaging-26.0.tar.gz,26.0,No,Yes,https://packages.redhat.com/pypi/public-trusted-libraries/main/integrity/packaging/26.0/packaging-26.0.tar.gz/provenance/
parso,parso-0.8.6-0-py2.py3-none-any.whl,0.8.6,Yes,Yes,https://packages.redhat.com/pypi/public-trusted-libraries/main/integrity/parso/0.8.6/parso-0.8.6-0-py2.py3-none-any.whl/provenance/
parso,parso-0.8.6.tar.gz,0.8.6,No,Yes,https://packages.redhat.com/pypi/public-trusted-libraries/main/integrity/parso/0.8.6/parso-0.8.6.tar.gz/provenance/
partd,partd-1.4.2-0-py3-none-any.whl,1.4.2,Yes,Yes,https://packages.redhat.com/pypi/public-trusted-libraries/main/integrity/partd/1.4.2/partd-1.4.2-0-py3-none-any.whl/provenance/
partd,partd-1.4.2.tar.gz,1.4.2,No,Yes,https://packages.redhat.com/pypi/public-trusted-libraries/main/integrity/partd/1.4.2/partd-1.4.2.tar.gz/provenance/
passlib,passlib-1.7.4-0-py2.py3-none-any.whl,1.7.4,Yes,Yes,https://packages.redhat.com/pypi/public-trusted-libraries/main/integrity/passlib/1.7.4/passlib-1.7.4-0-py2.py3-none-any.whl/provenance/
pathspec,pathspec-1.0.4-0-py3-none-any.whl,1.0.4,Yes,Yes,https://packages.redhat.com/pypi/public-trusted-libraries/main/integrity/pathspec/1.0.4/pathspec-1.0.4-0-py3-none-any.whl/provenance/
pathspec,pathspec-1.0.4.tar.gz,1.0.4,No,Yes,https://packages.redhat.com/pypi/public-trusted-libraries/main/integrity/pathspec/1.0.4/pathspec-1.0.4.tar.gz/provenance/
pbr,pbr-7.0.3-0-py2.py3-none-any.whl,7.0.3,Yes,Yes,https://packages.redhat.com/pypi/public-trusted-libraries/main/integrity/pbr/7.0.3/pbr-7.0.3-0-py2.py3-none-any.whl/provenance/
pbr,pbr-7.0.3.tar.gz,7.0.3,No,Yes,https://packages.redhat.com/pypi/public-trusted-libraries/main/integrity/pbr/7.0.3/pbr-7.0.3.tar.gz/provenance/
pdm-backend,pdm_backend-2.4.7-0-py3-none-any.whl,2.4.7,Yes,Yes,https://packages.redhat.com/pypi/public-trusted-libraries/main/integrity/pdm-backend/2.4.7/pdm_backend-2.4.7-0-py3-none-any.whl/provenance/
pdm-backend,pdm-backend-2.4.7.tar.gz,2.4.7,No,Yes,https://packages.redhat.com/pypi/public-trusted-libraries/main/integrity/pdm-backend/2.4.7/pdm-backend-2.4.7.tar.gz/provenance/
pdm-pep517,pdm-pep517-1.1.4.tar.gz,1.1.4,No,Yes,https://packages.redhat.com/pypi/public-trusted-libraries/main/integrity/pdm-pep517/1.1.4/pdm-pep517-1.1.4.tar.gz/provenance/
pdm-pep517,pdm_pep517-1.1.4-0-py3-none-any.whl,1.1.4,Yes,Yes,https://packages.redhat.com/pypi/public-trusted-libraries/main/integrity/pdm-pep517/1.1.4/pdm_pep517-1.1.4-0-py3-none-any.whl/provenance/
peewee,peewee-3.19.0.tar.gz,3.19.0,No,Yes,https://packages.redhat.com/pypi/public-trusted-libraries/main/integrity/peewee/3.19.0/peewee-3.19.0.tar.gz/provenance/
peewee,peewee-3.19.0-0-py3-none-any.whl,3.19.0,Yes,Yes,https://packages.redhat.com/pypi/public-trusted-libraries/main/integrity/peewee/3.19.0/peewee-3.19.0-0-py3-none-any.whl/provenance/
peewee,peewee-4.0.0-0-cp312-cp312-linux_x86_64.whl,4.0.0,Yes,Yes,https://packages.redhat.com/pypi/public-trusted-libraries/main/integrity/peewee/4.0.0/peewee-4.0.0-0-cp312-cp312-linux_x86_64.whl/provenance/
peewee,peewee-4.0.0-0-cp312-cp312-manylinux1_x86_64.manylinux_2_28_x86_64.manylinux_2_5_x86_64.whl,4.0.0,Yes,Yes,https://packages.redhat.com/pypi/public-trusted-libraries/main/integrity/peewee/4.0.0/peewee-4.0.0-0-cp312-cp312-manylinux1_x86_64.manylinux_2_28_x86_64.manylinux_2_5_x86_64.whl/provenance/
peewee,peewee-4.0.0.tar.gz,4.0.0,No,Yes,https://packages.redhat.com/pypi/public-trusted-libraries/main/integrity/peewee/4.0.0/peewee-4.0.0.tar.gz/provenance/
pendulum,pendulum-3.2.0-0-cp312-cp312-manylinux_2_28_x86_64.whl,3.2.0,Yes,Yes,https://packages.redhat.com/pypi/public-trusted-libraries/main/integrity/pendulum/3.2.0/pendulum-3.2.0-0-cp312-cp312-manylinux_2_28_x86_64.whl/provenance/
pendulum,pendulum-3.2.0.tar.gz,3.2.0,No,Yes,https://packages.redhat.com/pypi/public-trusted-libraries/main/integrity/pendulum/3.2.0/pendulum-3.2.0.tar.gz/provenance/
pexpect,pexpect-4.9.0-0-py2.py3-none-any.whl,4.9.0,Yes,Yes,https://packages.redhat.com/pypi/public-trusted-libraries/main/integrity/pexpect/4.9.0/pexpect-4.9.0-0-py2.py3-none-any.whl/provenance/
pexpect,pexpect-4.9.0.tar.gz,4.9.0,No,Yes,https://packages.redhat.com/pypi/public-trusted-libraries/main/integrity/pexpect/4.9.0/pexpect-4.9.0.tar.gz/provenance/
phonenumbers,phonenumbers-9.0.24.tar.gz,9.0.24,No,Yes,https://packages.redhat.com/pypi/public-trusted-libraries/main/integrity/phonenumbers/9.0.24/phonenumbers-9.0.24.tar.gz/provenance/
phonenumbers,phonenumbers-9.0.24-0-py2.py3-none-any.whl,9.0.24,Yes,Yes,https://packages.redhat.com/pypi/public-trusted-libraries/main/integrity/phonenumbers/9.0.24/phonenumbers-9.0.24-0-py2.py3-none-any.whl/provenance/
phonenumbers,phonenumbers-9.0.23-0-py2.py3-none-any.whl,9.0.23,Yes,Yes,https://packages.redhat.com/pypi/public-trusted-libraries/main/integrity/phonenumbers/9.0.23/phonenumbers-9.0.23-0-py2.py3-none-any.whl/provenance/
phonenumbers,phonenumbers-9.0.23.tar.gz,9.0.23,No,Yes,https://packages.redhat.com/pypi/public-trusted-libraries/main/integrity/phonenumbers/9.0.23/phonenumbers-9.0.23.tar.gz/provenance/
pillow,pillow-12.1.1-0-cp312-cp312-manylinux2014_x86_64.manylinux_2_17_x86_64.manylinux_2_28_x86_64.whl,12.1.1,Yes,Yes,https://packages.redhat.com/pypi/public-trusted-libraries/main/integrity/pillow/12.1.1/pillow-12.1.1-0-cp312-cp312-manylinux2014_x86_64.manylinux_2_17_x86_64.manylinux_2_28_x86_64.whl/provenance/
pillow,pillow-12.1.1.tar.gz,12.1.1,No,Yes,https://packages.redhat.com/pypi/public-trusted-libraries/main/integrity/pillow/12.1.1/pillow-12.1.1.tar.gz/provenance/
pip,pip-26.0.1-0-py3-none-any.whl,26.0.1,Yes,Yes,https://packages.redhat.com/pypi/public-trusted-libraries/main/integrity/pip/26.0.1/pip-26.0.1-0-py3-none-any.whl/provenance/
pip,pip-26.0.1.tar.gz,26.0.1,No,Yes,https://packages.redhat.com/pypi/public-trusted-libraries/main/integrity/pip/26.0.1/pip-26.0.1.tar.gz/provenance/
pkgconfig,pkgconfig-1.5.5-0-py3-none-any.whl,1.5.5,Yes,Yes,https://packages.redhat.com/pypi/public-trusted-libraries/main/integrity/pkgconfig/1.5.5/pkgconfig-1.5.5-0-py3-none-any.whl/provenance/
pkgconfig,pkgconfig-1.5.5.tar.gz,1.5.5,No,Yes,https://packages.redhat.com/pypi/public-trusted-libraries/main/integrity/pkgconfig/1.5.5/pkgconfig-1.5.5.tar.gz/provenance/
platformdirs,platformdirs-4.7.0-0-py3-none-any.whl,4.7.0,Yes,Yes,https://packages.redhat.com/pypi/public-trusted-libraries/main/integrity/platformdirs/4.7.0/platformdirs-4.7.0-0-py3-none-any.whl/provenance/
platformdirs,platformdirs-4.7.0.tar.gz,4.7.0,No,Yes,https://packages.redhat.com/pypi/public-trusted-libraries/main/integrity/platformdirs/4.7.0/platformdirs-4.7.0.tar.gz/provenance/
platformdirs,platformdirs-4.9.2-0-py3-none-any.whl,4.9.2,Yes,Yes,https://packages.redhat.com/pypi/public-trusted-libraries/main/integrity/platformdirs/4.9.2/platformdirs-4.9.2-0-py3-none-any.whl/provenance/
platformdirs,platformdirs-4.9.2.tar.gz,4.9.2,No,Yes,https://packages.redhat.com/pypi/public-trusted-libraries/main/integrity/platformdirs/4.9.2/platformdirs-4.9.2.tar.gz/provenance/
pluggy,pluggy-1.6.0-0-py3-none-any.whl,1.6.0,Yes,Yes,https://packages.redhat.com/pypi/public-trusted-libraries/main/integrity/pluggy/1.6.0/pluggy-1.6.0-0-py3-none-any.whl/provenance/
pluggy,pluggy-1.6.0.tar.gz,1.6.0,No,Yes,https://packages.redhat.com/pypi/public-trusted-libraries/main/integrity/pluggy/1.6.0/pluggy-1.6.0.tar.gz/provenance/
poetry-core,poetry_core-1.9.1-0-py3-none-any.whl,1.9.1,Yes,Yes,https://packages.redhat.com/pypi/public-trusted-libraries/main/integrity/poetry-core/1.9.1/poetry_core-1.9.1-0-py3-none-any.whl/provenance/
poetry-core,poetry_core-2.3.1-0-py3-none-any.whl,2.3.1,Yes,Yes,https://packages.redhat.com/pypi/public-trusted-libraries/main/integrity/poetry-core/2.3.1/poetry_core-2.3.1-0-py3-none-any.whl/provenance/
poetry-core,poetry_core-1.9.1.tar.gz,1.9.1,No,Yes,https://packages.redhat.com/pypi/public-trusted-libraries/main/integrity/poetry-core/1.9.1/poetry_core-1.9.1.tar.gz/provenance/
poetry-core,poetry_core-2.3.1.tar.gz,2.3.1,No,Yes,https://packages.redhat.com/pypi/public-trusted-libraries/main/integrity/poetry-core/2.3.1/poetry_core-2.3.1.tar.gz/provenance/
portalocker,portalocker-3.2.0-0-py3-none-any.whl,3.2.0,Yes,Yes,https://packages.redhat.com/pypi/public-trusted-libraries/main/integrity/portalocker/3.2.0/portalocker-3.2.0-0-py3-none-any.whl/provenance/
portalocker,portalocker-3.2.0.tar.gz,3.2.0,No,Yes,https://packages.redhat.com/pypi/public-trusted-libraries/main/integrity/portalocker/3.2.0/portalocker-3.2.0.tar.gz/provenance/
prettytable,prettytable-3.17.0-0-py3-none-any.whl,3.17.0,Yes,Yes,https://packages.redhat.com/pypi/public-trusted-libraries/main/integrity/prettytable/3.17.0/prettytable-3.17.0-0-py3-none-any.whl/provenance/
prettytable,prettytable-3.17.0.tar.gz,3.17.0,No,Yes,https://packages.redhat.com/pypi/public-trusted-libraries/main/integrity/prettytable/3.17.0/prettytable-3.17.0.tar.gz/provenance/
prison,prison-0.2.1-0-py3-none-any.whl,0.2.1,Yes,Yes,https://packages.redhat.com/pypi/public-trusted-libraries/main/integrity/prison/0.2.1/prison-0.2.1-0-py3-none-any.whl/provenance/
prison,prison-0.2.1.tar.gz,0.2.1,No,Yes,https://packages.redhat.com/pypi/public-trusted-libraries/main/integrity/prison/0.2.1/prison-0.2.1.tar.gz/provenance/
prometheus-client,prometheus-client-0.24.1.tar.gz,0.24.1,No,Yes,https://packages.redhat.com/pypi/public-trusted-libraries/main/integrity/prometheus-client/0.24.1/prometheus-client-0.24.1.tar.gz/provenance/
prometheus-client,prometheus_client-0.24.1-0-py3-none-any.whl,0.24.1,Yes,Yes,https://packages.redhat.com/pypi/public-trusted-libraries/main/integrity/prometheus-client/0.24.1/prometheus_client-0.24.1-0-py3-none-any.whl/provenance/
prompt-toolkit,prompt_toolkit-3.0.52-0-py3-none-any.whl,3.0.52,Yes,Yes,https://packages.redhat.com/pypi/public-trusted-libraries/main/integrity/prompt-toolkit/3.0.52/prompt_toolkit-3.0.52-0-py3-none-any.whl/provenance/
prompt-toolkit,prompt-toolkit-3.0.52.tar.gz,3.0.52,No,Yes,https://packages.redhat.com/pypi/public-trusted-libraries/main/integrity/prompt-toolkit/3.0.52/prompt-toolkit-3.0.52.tar.gz/provenance/
propcache,propcache-0.4.1-0-cp312-cp312-manylinux2014_x86_64.manylinux_2_17_x86_64.manylinux_2_28_x86_64.whl,0.4.1,Yes,Yes,https://packages.redhat.com/pypi/public-trusted-libraries/main/integrity/propcache/0.4.1/propcache-0.4.1-0-cp312-cp312-manylinux2014_x86_64.manylinux_2_17_x86_64.manylinux_2_28_x86_64.whl/provenance/
propcache,propcache-0.4.1.tar.gz,0.4.1,No,Yes,https://packages.redhat.com/pypi/public-trusted-libraries/main/integrity/propcache/0.4.1/propcache-0.4.1.tar.gz/provenance/
proto-plus,proto_plus-1.27.1-0-py3-none-any.whl,1.27.1,Yes,Yes,https://packages.redhat.com/pypi/public-trusted-libraries/main/integrity/proto-plus/1.27.1/proto_plus-1.27.1-0-py3-none-any.whl/provenance/
proto-plus,proto-plus-1.27.1.tar.gz,1.27.1,No,Yes,https://packages.redhat.com/pypi/public-trusted-libraries/main/integrity/proto-plus/1.27.1/proto-plus-1.27.1.tar.gz/provenance/
protobuf,protobuf-5.29.6-0-cp312-cp312-manylinux2014_x86_64.manylinux_2_17_x86_64.manylinux_2_28_x86_64.whl,5.29.6,Yes,Yes,https://packages.redhat.com/pypi/public-trusted-libraries/main/integrity/protobuf/5.29.6/protobuf-5.29.6-0-cp312-cp312-manylinux2014_x86_64.manylinux_2_17_x86_64.manylinux_2_28_x86_64.whl/provenance/
protobuf,protobuf-5.29.6.tar.gz,5.29.6,No,Yes,https://packages.redhat.com/pypi/public-trusted-libraries/main/integrity/protobuf/5.29.6/protobuf-5.29.6.tar.gz/provenance/
protobuf,protobuf-6.33.5-0-cp312-cp312-manylinux2014_x86_64.manylinux_2_17_x86_64.manylinux_2_28_x86_64.whl,6.33.5,Yes,Yes,https://packages.redhat.com/pypi/public-trusted-libraries/main/integrity/protobuf/6.33.5/protobuf-6.33.5-0-cp312-cp312-manylinux2014_x86_64.manylinux_2_17_x86_64.manylinux_2_28_x86_64.whl/provenance/
protobuf,protobuf-6.33.5.tar.gz,6.33.5,No,Yes,https://packages.redhat.com/pypi/public-trusted-libraries/main/integrity/protobuf/6.33.5/protobuf-6.33.5.tar.gz/provenance/
psutil,psutil-7.2.2-0-cp36-abi3-manylinux2010_x86_64.manylinux_2_12_x86_64.manylinux_2_28_x86_64.whl,7.2.2,Yes,Yes,https://packages.redhat.com/pypi/public-trusted-libraries/main/integrity/psutil/7.2.2/psutil-7.2.2-0-cp36-abi3-manylinux2010_x86_64.manylinux_2_12_x86_64.manylinux_2_28_x86_64.whl/provenance/
psutil,psutil-7.2.2.tar.gz,7.2.2,No,Yes,https://packages.redhat.com/pypi/public-trusted-libraries/main/integrity/psutil/7.2.2/psutil-7.2.2.tar.gz/provenance/
ptyprocess,ptyprocess-0.7.0-0-py2.py3-none-any.whl,0.7.0,Yes,Yes,https://packages.redhat.com/pypi/public-trusted-libraries/main/integrity/ptyprocess/0.7.0/ptyprocess-0.7.0-0-py2.py3-none-any.whl/provenance/
ptyprocess,ptyprocess-0.7.0.tar.gz,0.7.0,No,Yes,https://packages.redhat.com/pypi/public-trusted-libraries/main/integrity/ptyprocess/0.7.0/ptyprocess-0.7.0.tar.gz/provenance/
pure-eval,pure_eval-0.2.3-0-py3-none-any.whl,0.2.3,Yes,Yes,https://packages.redhat.com/pypi/public-trusted-libraries/main/integrity/pure-eval/0.2.3/pure_eval-0.2.3-0-py3-none-any.whl/provenance/
pure-eval,pure-eval-0.2.3.tar.gz,0.2.3,No,Yes,https://packages.redhat.com/pypi/public-trusted-libraries/main/integrity/pure-eval/0.2.3/pure-eval-0.2.3.tar.gz/provenance/
py,py-1.11.0-0-py2.py3-none-any.whl,1.11.0,Yes,Yes,https://packages.redhat.com/pypi/public-trusted-libraries/main/integrity/py/1.11.0/py-1.11.0-0-py2.py3-none-any.whl/provenance/
py,py-1.11.0.tar.gz,1.11.0,No,Yes,https://packages.redhat.com/pypi/public-trusted-libraries/main/integrity/py/1.11.0/py-1.11.0.tar.gz/provenance/
pyasn1,pyasn1-0.6.2.tar.gz,0.6.2,No,Yes,https://packages.redhat.com/pypi/public-trusted-libraries/main/integrity/pyasn1/0.6.2/pyasn1-0.6.2.tar.gz/provenance/
pyasn1,pyasn1-0.6.2-0-py3-none-any.whl,0.6.2,Yes,Yes,https://packages.redhat.com/pypi/public-trusted-libraries/main/integrity/pyasn1/0.6.2/pyasn1-0.6.2-0-py3-none-any.whl/provenance/
pyasn1-modules,pyasn1_modules-0.4.2-0-py3-none-any.whl,0.4.2,Yes,Yes,https://packages.redhat.com/pypi/public-trusted-libraries/main/integrity/pyasn1-modules/0.4.2/pyasn1_modules-0.4.2-0-py3-none-any.whl/provenance/
pyasn1-modules,pyasn1-modules-0.4.2.tar.gz,0.4.2,No,Yes,https://packages.redhat.com/pypi/public-trusted-libraries/main/integrity/pyasn1-modules/0.4.2/pyasn1-modules-0.4.2.tar.gz/provenance/
pybind11,pybind11-3.0.2-0-py3-none-any.whl,3.0.2,Yes,Yes,https://packages.redhat.com/pypi/public-trusted-libraries/main/integrity/pybind11/3.0.2/pybind11-3.0.2-0-py3-none-any.whl/provenance/
pybind11,pybind11-3.0.2.tar.gz,3.0.2,No,Yes,https://packages.redhat.com/pypi/public-trusted-libraries/main/integrity/pybind11/3.0.2/pybind11-3.0.2.tar.gz/provenance/
pycodestyle,pycodestyle-2.14.0-0-py2.py3-none-any.whl,2.14.0,Yes,Yes,https://packages.redhat.com/pypi/public-trusted-libraries/main/integrity/pycodestyle/2.14.0/pycodestyle-2.14.0-0-py2.py3-none-any.whl/provenance/
pycodestyle,pycodestyle-2.14.0.tar.gz,2.14.0,No,Yes,https://packages.redhat.com/pypi/public-trusted-libraries/main/integrity/pycodestyle/2.14.0/pycodestyle-2.14.0.tar.gz/provenance/
pycparser,pycparser-3.0-0-py3-none-any.whl,3.0,Yes,Yes,https://packages.redhat.com/pypi/public-trusted-libraries/main/integrity/pycparser/3.0/pycparser-3.0-0-py3-none-any.whl/provenance/
pycparser,pycparser-3.0.tar.gz,3.0,No,Yes,https://packages.redhat.com/pypi/public-trusted-libraries/main/integrity/pycparser/3.0/pycparser-3.0.tar.gz/provenance/
pydantic,pydantic-2.12.5-0-py3-none-any.whl,2.12.5,Yes,Yes,https://packages.redhat.com/pypi/public-trusted-libraries/main/integrity/pydantic/2.12.5/pydantic-2.12.5-0-py3-none-any.whl/provenance/
pydantic,pydantic-2.12.5.tar.gz,2.12.5,No,Yes,https://packages.redhat.com/pypi/public-trusted-libraries/main/integrity/pydantic/2.12.5/pydantic-2.12.5.tar.gz/provenance/
pydantic-core,pydantic_core-2.41.5-0-cp312-cp312-manylinux_2_28_x86_64.whl,2.41.5,Yes,Yes,https://packages.redhat.com/pypi/public-trusted-libraries/main/integrity/pydantic-core/2.41.5/pydantic_core-2.41.5-0-cp312-cp312-manylinux_2_28_x86_64.whl/provenance/
pydantic-core,pydantic-core-2.41.5.tar.gz,2.41.5,No,Yes,https://packages.redhat.com/pypi/public-trusted-libraries/main/integrity/pydantic-core/2.41.5/pydantic-core-2.41.5.tar.gz/provenance/
pyflakes,pyflakes-3.4.0-0-py2.py3-none-any.whl,3.4.0,Yes,Yes,https://packages.redhat.com/pypi/public-trusted-libraries/main/integrity/pyflakes/3.4.0/pyflakes-3.4.0-0-py2.py3-none-any.whl/provenance/
pyflakes,pyflakes-3.4.0.tar.gz,3.4.0,No,Yes,https://packages.redhat.com/pypi/public-trusted-libraries/main/integrity/pyflakes/3.4.0/pyflakes-3.4.0.tar.gz/provenance/
pygments,pygments-2.19.2-0-py3-none-any.whl,2.19.2,Yes,Yes,https://packages.redhat.com/pypi/public-trusted-libraries/main/integrity/pygments/2.19.2/pygments-2.19.2-0-py3-none-any.whl/provenance/
pygments,pygments-2.19.2.tar.gz,2.19.2,No,Yes,https://packages.redhat.com/pypi/public-trusted-libraries/main/integrity/pygments/2.19.2/pygments-2.19.2.tar.gz/provenance/
pyjwt,pyjwt-2.11.0-0-py3-none-any.whl,2.11.0,Yes,Yes,https://packages.redhat.com/pypi/public-trusted-libraries/main/integrity/pyjwt/2.11.0/pyjwt-2.11.0-0-py3-none-any.whl/provenance/
pyjwt,pyjwt-2.11.0.tar.gz,2.11.0,No,Yes,https://packages.redhat.com/pypi/public-trusted-libraries/main/integrity/pyjwt/2.11.0/pyjwt-2.11.0.tar.gz/provenance/
pymysql,pymysql-1.1.2.tar.gz,1.1.2,No,Yes,https://packages.redhat.com/pypi/public-trusted-libraries/main/integrity/pymysql/1.1.2/pymysql-1.1.2.tar.gz/provenance/
pymysql,pymysql-1.1.2-0-py3-none-any.whl,1.1.2,Yes,Yes,https://packages.redhat.com/pypi/public-trusted-libraries/main/integrity/pymysql/1.1.2/pymysql-1.1.2-0-py3-none-any.whl/provenance/
pynacl,pynacl-1.6.2-0-cp312-cp312-manylinux_2_26_x86_64.manylinux_2_28_x86_64.whl,1.6.2,Yes,Yes,https://packages.redhat.com/pypi/public-trusted-libraries/main/integrity/pynacl/1.6.2/pynacl-1.6.2-0-cp312-cp312-manylinux_2_26_x86_64.manylinux_2_28_x86_64.whl/provenance/
pynacl,pynacl-1.6.2.tar.gz,1.6.2,No,Yes,https://packages.redhat.com/pypi/public-trusted-libraries/main/integrity/pynacl/1.6.2/pynacl-1.6.2.tar.gz/provenance/
pyotp,pyotp-2.9.0.tar.gz,2.9.0,No,Yes,https://packages.redhat.com/pypi/public-trusted-libraries/main/integrity/pyotp/2.9.0/pyotp-2.9.0.tar.gz/provenance/
pyotp,pyotp-2.9.0-0-py3-none-any.whl,2.9.0,Yes,Yes,https://packages.redhat.com/pypi/public-trusted-libraries/main/integrity/pyotp/2.9.0/pyotp-2.9.0-0-py3-none-any.whl/provenance/
pyparsing,pyparsing-3.3.2-0-py3-none-any.whl,3.3.2,Yes,Yes,https://packages.redhat.com/pypi/public-trusted-libraries/main/integrity/pyparsing/3.3.2/pyparsing-3.3.2-0-py3-none-any.whl/provenance/
pyparsing,pyparsing-3.3.2.tar.gz,3.3.2,No,Yes,https://packages.redhat.com/pypi/public-trusted-libraries/main/integrity/pyparsing/3.3.2/pyparsing-3.3.2.tar.gz/provenance/
pypdf,pypdf-6.7.1-0-py3-none-any.whl,6.7.1,Yes,Yes,https://packages.redhat.com/pypi/public-trusted-libraries/main/integrity/pypdf/6.7.1/pypdf-6.7.1-0-py3-none-any.whl/provenance/
pypdf,pypdf-6.7.1.tar.gz,6.7.1,No,Yes,https://packages.redhat.com/pypi/public-trusted-libraries/main/integrity/pypdf/6.7.1/pypdf-6.7.1.tar.gz/provenance/
pyproject-api,pyproject_api-1.10.0-0-py3-none-any.whl,1.10.0,Yes,Yes,https://packages.redhat.com/pypi/public-trusted-libraries/main/integrity/pyproject-api/1.10.0/pyproject_api-1.10.0-0-py3-none-any.whl/provenance/
pyproject-api,pyproject-api-1.10.0.tar.gz,1.10.0,No,Yes,https://packages.redhat.com/pypi/public-trusted-libraries/main/integrity/pyproject-api/1.10.0/pyproject-api-1.10.0.tar.gz/provenance/
pyproject-hooks,pyproject_hooks-1.2.0-0-py3-none-any.whl,1.2.0,Yes,Yes,https://packages.redhat.com/pypi/public-trusted-libraries/main/integrity/pyproject-hooks/1.2.0/pyproject_hooks-1.2.0-0-py3-none-any.whl/provenance/
pyproject-hooks,pyproject_hooks-1.2.0.tar.gz,1.2.0,No,Yes,https://packages.redhat.com/pypi/public-trusted-libraries/main/integrity/pyproject-hooks/1.2.0/pyproject_hooks-1.2.0.tar.gz/provenance/
pyproject-metadata,pyproject_metadata-0.11.0-0-py3-none-any.whl,0.11.0,Yes,Yes,https://packages.redhat.com/pypi/public-trusted-libraries/main/integrity/pyproject-metadata/0.11.0/pyproject_metadata-0.11.0-0-py3-none-any.whl/provenance/
pyproject-metadata,pyproject-metadata-0.11.0.tar.gz,0.11.0,No,Yes,https://packages.redhat.com/pypi/public-trusted-libraries/main/integrity/pyproject-metadata/0.11.0/pyproject-metadata-0.11.0.tar.gz/provenance/
pytest,pytest-9.0.2-0-py3-none-any.whl,9.0.2,Yes,Yes,https://packages.redhat.com/pypi/public-trusted-libraries/main/integrity/pytest/9.0.2/pytest-9.0.2-0-py3-none-any.whl/provenance/
pytest,pytest-9.0.2.tar.gz,9.0.2,No,Yes,https://packages.redhat.com/pypi/public-trusted-libraries/main/integrity/pytest/9.0.2/pytest-9.0.2.tar.gz/provenance/
pytest-asyncio,pytest_asyncio-1.3.0-0-py3-none-any.whl,1.3.0,Yes,Yes,https://packages.redhat.com/pypi/public-trusted-libraries/main/integrity/pytest-asyncio/1.3.0/pytest_asyncio-1.3.0-0-py3-none-any.whl/provenance/
pytest-asyncio,pytest-asyncio-1.3.0.tar.gz,1.3.0,No,Yes,https://packages.redhat.com/pypi/public-trusted-libraries/main/integrity/pytest-asyncio/1.3.0/pytest-asyncio-1.3.0.tar.gz/provenance/
pytest-cov,pytest_cov-7.0.0-0-py3-none-any.whl,7.0.0,Yes,Yes,https://packages.redhat.com/pypi/public-trusted-libraries/main/integrity/pytest-cov/7.0.0/pytest_cov-7.0.0-0-py3-none-any.whl/provenance/
pytest-cov,pytest-cov-7.0.0.tar.gz,7.0.0,No,Yes,https://packages.redhat.com/pypi/public-trusted-libraries/main/integrity/pytest-cov/7.0.0/pytest-cov-7.0.0.tar.gz/provenance/
pytest-env,pytest_env-1.3.0-0-py3-none-any.whl,1.3.0,Yes,Yes,https://packages.redhat.com/pypi/public-trusted-libraries/main/integrity/pytest-env/1.3.0/pytest_env-1.3.0-0-py3-none-any.whl/provenance/
pytest-env,pytest-env-1.3.0.tar.gz,1.3.0,No,Yes,https://packages.redhat.com/pypi/public-trusted-libraries/main/integrity/pytest-env/1.3.0/pytest-env-1.3.0.tar.gz/provenance/
pytest-html,pytest_html-4.2.0-0-py3-none-any.whl,4.2.0,Yes,Yes,https://packages.redhat.com/pypi/public-trusted-libraries/main/integrity/pytest-html/4.2.0/pytest_html-4.2.0-0-py3-none-any.whl/provenance/
pytest-html,pytest-html-4.2.0.tar.gz,4.2.0,No,Yes,https://packages.redhat.com/pypi/public-trusted-libraries/main/integrity/pytest-html/4.2.0/pytest-html-4.2.0.tar.gz/provenance/
pytest-metadata,pytest_metadata-3.1.1-0-py3-none-any.whl,3.1.1,Yes,Yes,https://packages.redhat.com/pypi/public-trusted-libraries/main/integrity/pytest-metadata/3.1.1/pytest_metadata-3.1.1-0-py3-none-any.whl/provenance/
pytest-mock,pytest_mock-3.15.1-0-py3-none-any.whl,3.15.1,Yes,Yes,https://packages.redhat.com/pypi/public-trusted-libraries/main/integrity/pytest-mock/3.15.1/pytest_mock-3.15.1-0-py3-none-any.whl/provenance/
pytest-mock,pytest-mock-3.15.1.tar.gz,3.15.1,No,Yes,https://packages.redhat.com/pypi/public-trusted-libraries/main/integrity/pytest-mock/3.15.1/pytest-mock-3.15.1.tar.gz/provenance/
pytest-rerunfailures,pytest_rerunfailures-16.1-0-py3-none-any.whl,16.1,Yes,Yes,https://packages.redhat.com/pypi/public-trusted-libraries/main/integrity/pytest-rerunfailures/16.1/pytest_rerunfailures-16.1-0-py3-none-any.whl/provenance/
pytest-rerunfailures,pytest-rerunfailures-16.1.tar.gz,16.1,No,Yes,https://packages.redhat.com/pypi/public-trusted-libraries/main/integrity/pytest-rerunfailures/16.1/pytest-rerunfailures-16.1.tar.gz/provenance/
pytest-timeout,pytest_timeout-2.4.0-0-py3-none-any.whl,2.4.0,Yes,Yes,https://packages.redhat.com/pypi/public-trusted-libraries/main/integrity/pytest-timeout/2.4.0/pytest_timeout-2.4.0-0-py3-none-any.whl/provenance/
pytest-timeout,pytest-timeout-2.4.0.tar.gz,2.4.0,No,Yes,https://packages.redhat.com/pypi/public-trusted-libraries/main/integrity/pytest-timeout/2.4.0/pytest-timeout-2.4.0.tar.gz/provenance/
pytest-xdist,pytest_xdist-3.8.0-0-py3-none-any.whl,3.8.0,Yes,Yes,https://packages.redhat.com/pypi/public-trusted-libraries/main/integrity/pytest-xdist/3.8.0/pytest_xdist-3.8.0-0-py3-none-any.whl/provenance/
pytest-xdist,pytest-xdist-3.8.0.tar.gz,3.8.0,No,Yes,https://packages.redhat.com/pypi/public-trusted-libraries/main/integrity/pytest-xdist/3.8.0/pytest-xdist-3.8.0.tar.gz/provenance/
python-dateutil,python_dateutil-2.9.0.post0-0-py2.py3-none-any.whl,2.9.0.post0,Yes,Yes,https://packages.redhat.com/pypi/public-trusted-libraries/main/integrity/python-dateutil/2.9.0.post0/python_dateutil-2.9.0.post0-0-py2.py3-none-any.whl/provenance/
python-dateutil,python-dateutil-2.9.0.post0.tar.gz,2.9.0.post0,No,Yes,https://packages.redhat.com/pypi/public-trusted-libraries/main/integrity/python-dateutil/2.9.0.post0/python-dateutil-2.9.0.post0.tar.gz/provenance/
python-decouple,python-decouple-3.8.tar.gz,3.8,No,Yes,https://packages.redhat.com/pypi/public-trusted-libraries/main/integrity/python-decouple/3.8/python-decouple-3.8.tar.gz/provenance/
python-decouple,python_decouple-3.8-0-py3-none-any.whl,3.8,Yes,Yes,https://packages.redhat.com/pypi/public-trusted-libraries/main/integrity/python-decouple/3.8/python_decouple-3.8-0-py3-none-any.whl/provenance/
python-dotenv,python_dotenv-1.2.1-0-py3-none-any.whl,1.2.1,Yes,Yes,https://packages.redhat.com/pypi/public-trusted-libraries/main/integrity/python-dotenv/1.2.1/python_dotenv-1.2.1-0-py3-none-any.whl/provenance/
python-dotenv,python-dotenv-1.2.1.tar.gz,1.2.1,No,Yes,https://packages.redhat.com/pypi/public-trusted-libraries/main/integrity/python-dotenv/1.2.1/python-dotenv-1.2.1.tar.gz/provenance/
python-jose,python-jose-3.5.0.tar.gz,3.5.0,No,Yes,https://packages.redhat.com/pypi/public-trusted-libraries/main/integrity/python-jose/3.5.0/python-jose-3.5.0.tar.gz/provenance/
python-jose,python_jose-3.5.0-0-py2.py3-none-any.whl,3.5.0,Yes,Yes,https://packages.redhat.com/pypi/public-trusted-libraries/main/integrity/python-jose/3.5.0/python_jose-3.5.0-0-py2.py3-none-any.whl/provenance/
python-json-logger,python-json-logger-4.0.0.tar.gz,4.0.0,No,Yes,https://packages.redhat.com/pypi/public-trusted-libraries/main/integrity/python-json-logger/4.0.0/python-json-logger-4.0.0.tar.gz/provenance/
python-json-logger,python_json_logger-4.0.0-0-py3-none-any.whl,4.0.0,Yes,Yes,https://packages.redhat.com/pypi/public-trusted-libraries/main/integrity/python-json-logger/4.0.0/python_json_logger-4.0.0-0-py3-none-any.whl/provenance/
python-multipart,python_multipart-0.0.22-0-py3-none-any.whl,0.0.22,Yes,Yes,https://packages.redhat.com/pypi/public-trusted-libraries/main/integrity/python-multipart/0.0.22/python_multipart-0.0.22-0-py3-none-any.whl/provenance/
python-multipart,python-multipart-0.0.22.tar.gz,0.0.22,No,Yes,https://packages.redhat.com/pypi/public-trusted-libraries/main/integrity/python-multipart/0.0.22/python-multipart-0.0.22.tar.gz/provenance/
python-slugify,python_slugify-8.0.4-0-py3-none-any.whl,8.0.4,Yes,Yes,https://packages.redhat.com/pypi/public-trusted-libraries/main/integrity/python-slugify/8.0.4/python_slugify-8.0.4-0-py3-none-any.whl/provenance/
python-slugify,python-slugify-8.0.4.tar.gz,8.0.4,No,Yes,https://packages.redhat.com/pypi/public-trusted-libraries/main/integrity/python-slugify/8.0.4/python-slugify-8.0.4.tar.gz/provenance/
pytz,pytz-2025.2-0-py3-none-any.whl,2025.2,Yes,Yes,https://packages.redhat.com/pypi/public-trusted-libraries/main/integrity/pytz/2025.2/pytz-2025.2-0-py3-none-any.whl/provenance/
pytz,pytz-2025.2.tar.gz,2025.2,No,Yes,https://packages.redhat.com/pypi/public-trusted-libraries/main/integrity/pytz/2025.2/pytz-2025.2.tar.gz/provenance/
pyyaml,pyyaml-6.0.3-0-cp312-cp312-linux_x86_64.whl,6.0.3,Yes,Yes,https://packages.redhat.com/pypi/public-trusted-libraries/main/integrity/pyyaml/6.0.3/pyyaml-6.0.3-0-cp312-cp312-linux_x86_64.whl/provenance/
pyyaml,pyyaml-6.0.3-0-cp312-cp312-manylinux2014_x86_64.manylinux_2_17_x86_64.manylinux_2_28_x86_64.whl,6.0.3,Yes,Yes,https://packages.redhat.com/pypi/public-trusted-libraries/main/integrity/pyyaml/6.0.3/pyyaml-6.0.3-0-cp312-cp312-manylinux2014_x86_64.manylinux_2_17_x86_64.manylinux_2_28_x86_64.whl/provenance/
pyyaml,pyyaml-6.0.3.tar.gz,6.0.3,No,Yes,https://packages.redhat.com/pypi/public-trusted-libraries/main/integrity/pyyaml/6.0.3/pyyaml-6.0.3.tar.gz/provenance/
redis,redis-7.2.0-0-py3-none-any.whl,7.2.0,Yes,Yes,https://packages.redhat.com/pypi/public-trusted-libraries/main/integrity/redis/7.2.0/redis-7.2.0-0-py3-none-any.whl/provenance/
redis,redis-7.2.0.tar.gz,7.2.0,No,Yes,https://packages.redhat.com/pypi/public-trusted-libraries/main/integrity/redis/7.2.0/redis-7.2.0.tar.gz/provenance/
referencing,referencing-0.37.0-0-py3-none-any.whl,0.37.0,Yes,Yes,https://packages.redhat.com/pypi/public-trusted-libraries/main/integrity/referencing/0.37.0/referencing-0.37.0-0-py3-none-any.whl/provenance/
referencing,referencing-0.37.0.tar.gz,0.37.0,No,Yes,https://packages.redhat.com/pypi/public-trusted-libraries/main/integrity/referencing/0.37.0/referencing-0.37.0.tar.gz/provenance/
regex,regex-2026.2.19-0-cp312-cp312-manylinux2014_x86_64.manylinux_2_17_x86_64.manylinux_2_28_x86_64.whl,2026.2.19,Yes,Yes,https://packages.redhat.com/pypi/public-trusted-libraries/main/integrity/regex/2026.2.19/regex-2026.2.19-0-cp312-cp312-manylinux2014_x86_64.manylinux_2_17_x86_64.manylinux_2_28_x86_64.whl/provenance/
regex,regex-2026.2.19.tar.gz,2026.2.19,No,Yes,https://packages.redhat.com/pypi/public-trusted-libraries/main/integrity/regex/2026.2.19/regex-2026.2.19.tar.gz/provenance/
requests,requests-2.32.4-0-py3-none-any.whl,2.32.4,Yes,Yes,https://packages.redhat.com/pypi/public-trusted-libraries/main/integrity/requests/2.32.4/requests-2.32.4-0-py3-none-any.whl/provenance/
requests,requests-2.32.4.tar.gz,2.32.4,No,Yes,https://packages.redhat.com/pypi/public-trusted-libraries/main/integrity/requests/2.32.4/requests-2.32.4.tar.gz/provenance/
requests,requests-2.32.5-0-py3-none-any.whl,2.32.5,Yes,Yes,https://packages.redhat.com/pypi/public-trusted-libraries/main/integrity/requests/2.32.5/requests-2.32.5-0-py3-none-any.whl/provenance/
requests,requests-2.32.5.tar.gz,2.32.5,No,Yes,https://packages.redhat.com/pypi/public-trusted-libraries/main/integrity/requests/2.32.5/requests-2.32.5.tar.gz/provenance/
requests-oauthlib,requests_oauthlib-2.0.0-0-py2.py3-none-any.whl,2.0.0,Yes,Yes,https://packages.redhat.com/pypi/public-trusted-libraries/main/integrity/requests-oauthlib/2.0.0/requests_oauthlib-2.0.0-0-py2.py3-none-any.whl/provenance/
requests-oauthlib,requests-oauthlib-2.0.0.tar.gz,2.0.0,No,Yes,https://packages.redhat.com/pypi/public-trusted-libraries/main/integrity/requests-oauthlib/2.0.0/requests-oauthlib-2.0.0.tar.gz/provenance/
requests-toolbelt,requests_toolbelt-1.0.0-0-py2.py3-none-any.whl,1.0.0,Yes,Yes,https://packages.redhat.com/pypi/public-trusted-libraries/main/integrity/requests-toolbelt/1.0.0/requests_toolbelt-1.0.0-0-py2.py3-none-any.whl/provenance/
requests-toolbelt,requests-toolbelt-1.0.0.tar.gz,1.0.0,No,Yes,https://packages.redhat.com/pypi/public-trusted-libraries/main/integrity/requests-toolbelt/1.0.0/requests-toolbelt-1.0.0.tar.gz/provenance/
retry,retry-0.9.2-0-py2.py3-none-any.whl,0.9.2,Yes,Yes,https://packages.redhat.com/pypi/public-trusted-libraries/main/integrity/retry/0.9.2/retry-0.9.2-0-py2.py3-none-any.whl/provenance/
retry,retry-0.9.2.tar.gz,0.9.2,No,Yes,https://packages.redhat.com/pypi/public-trusted-libraries/main/integrity/retry/0.9.2/retry-0.9.2.tar.gz/provenance/
rfc3986,rfc3986-2.0.0-0-py2.py3-none-any.whl,2.0.0,Yes,Yes,https://packages.redhat.com/pypi/public-trusted-libraries/main/integrity/rfc3986/2.0.0/rfc3986-2.0.0-0-py2.py3-none-any.whl/provenance/
rfc3986,rfc3986-2.0.0.tar.gz,2.0.0,No,Yes,https://packages.redhat.com/pypi/public-trusted-libraries/main/integrity/rfc3986/2.0.0/rfc3986-2.0.0.tar.gz/provenance/
rich,rich-14.3.2-0-py3-none-any.whl,14.3.2,Yes,Yes,https://packages.redhat.com/pypi/public-trusted-libraries/main/integrity/rich/14.3.2/rich-14.3.2-0-py3-none-any.whl/provenance/
rich,rich-14.3.3-0-py3-none-any.whl,14.3.3,Yes,Yes,https://packages.redhat.com/pypi/public-trusted-libraries/main/integrity/rich/14.3.3/rich-14.3.3-0-py3-none-any.whl/provenance/
rich,rich-14.3.2.tar.gz,14.3.2,No,Yes,https://packages.redhat.com/pypi/public-trusted-libraries/main/integrity/rich/14.3.2/rich-14.3.2.tar.gz/provenance/
rich,rich-14.3.3.tar.gz,14.3.3,No,Yes,https://packages.redhat.com/pypi/public-trusted-libraries/main/integrity/rich/14.3.3/rich-14.3.3.tar.gz/provenance/
rich,rich-13.9.4-0-py3-none-any.whl,13.9.4,Yes,Yes,https://packages.redhat.com/pypi/public-trusted-libraries/main/integrity/rich/13.9.4/rich-13.9.4-0-py3-none-any.whl/provenance/
rich,rich-13.9.4.tar.gz,13.9.4,No,Yes,https://packages.redhat.com/pypi/public-trusted-libraries/main/integrity/rich/13.9.4/rich-13.9.4.tar.gz/provenance/
rpds-py,rpds_py-0.30.0-0-cp312-cp312-manylinux_2_28_x86_64.whl,0.30.0,Yes,Yes,https://packages.redhat.com/pypi/public-trusted-libraries/main/integrity/rpds-py/0.30.0/rpds_py-0.30.0-0-cp312-cp312-manylinux_2_28_x86_64.whl/provenance/
rpds-py,rpds-py-0.30.0.tar.gz,0.30.0,No,Yes,https://packages.redhat.com/pypi/public-trusted-libraries/main/integrity/rpds-py/0.30.0/rpds-py-0.30.0.tar.gz/provenance/
rsa,rsa-4.9.1.tar.gz,4.9.1,No,Yes,https://packages.redhat.com/pypi/public-trusted-libraries/main/integrity/rsa/4.9.1/rsa-4.9.1.tar.gz/provenance/
rsa,rsa-4.9.1-0-py3-none-any.whl,4.9.1,Yes,Yes,https://packages.redhat.com/pypi/public-trusted-libraries/main/integrity/rsa/4.9.1/rsa-4.9.1-0-py3-none-any.whl/provenance/
rsa,rsa-4.7.2-0-py3-none-any.whl,4.7.2,Yes,Yes,https://packages.redhat.com/pypi/public-trusted-libraries/main/integrity/rsa/4.7.2/rsa-4.7.2-0-py3-none-any.whl/provenance/
rsa,rsa-4.7.2.tar.gz,4.7.2,No,Yes,https://packages.redhat.com/pypi/public-trusted-libraries/main/integrity/rsa/4.7.2/rsa-4.7.2.tar.gz/provenance/
s3fs,s3fs-2026.2.0-0-py3-none-any.whl,2026.2.0,Yes,Yes,https://packages.redhat.com/pypi/public-trusted-libraries/main/integrity/s3fs/2026.2.0/s3fs-2026.2.0-0-py3-none-any.whl/provenance/
s3fs,s3fs-2026.2.0.tar.gz,2026.2.0,No,Yes,https://packages.redhat.com/pypi/public-trusted-libraries/main/integrity/s3fs/2026.2.0/s3fs-2026.2.0.tar.gz/provenance/
s3fs,s3fs-2026.1.0-0-py3-none-any.whl,2026.1.0,Yes,Yes,https://packages.redhat.com/pypi/public-trusted-libraries/main/integrity/s3fs/2026.1.0/s3fs-2026.1.0-0-py3-none-any.whl/provenance/
s3fs,s3fs-2026.1.0.tar.gz,2026.1.0,No,Yes,https://packages.redhat.com/pypi/public-trusted-libraries/main/integrity/s3fs/2026.1.0/s3fs-2026.1.0.tar.gz/provenance/
s3transfer,s3transfer-0.16.0-0-py3-none-any.whl,0.16.0,Yes,Yes,https://packages.redhat.com/pypi/public-trusted-libraries/main/integrity/s3transfer/0.16.0/s3transfer-0.16.0-0-py3-none-any.whl/provenance/
s3transfer,s3transfer-0.16.0.tar.gz,0.16.0,No,Yes,https://packages.redhat.com/pypi/public-trusted-libraries/main/integrity/s3transfer/0.16.0/s3transfer-0.16.0.tar.gz/provenance/
scikit-build,scikit_build-0.18.1-0-py3-none-any.whl,0.18.1,Yes,Yes,https://packages.redhat.com/pypi/public-trusted-libraries/main/integrity/scikit-build/0.18.1/scikit_build-0.18.1-0-py3-none-any.whl/provenance/
scikit-build,scikit-build-0.18.1.tar.gz,0.18.1,No,Yes,https://packages.redhat.com/pypi/public-trusted-libraries/main/integrity/scikit-build/0.18.1/scikit-build-0.18.1.tar.gz/provenance/
scikit-build-core,scikit_build_core-0.11.6-0-py3-none-any.whl,0.11.6,Yes,Yes,https://packages.redhat.com/pypi/public-trusted-libraries/main/integrity/scikit-build-core/0.11.6/scikit_build_core-0.11.6-0-py3-none-any.whl/provenance/
scikit-build-core,scikit-build-core-0.11.6.tar.gz,0.11.6,No,Yes,https://packages.redhat.com/pypi/public-trusted-libraries/main/integrity/scikit-build-core/0.11.6/scikit-build-core-0.11.6.tar.gz/provenance/
semantic-version,semantic_version-2.10.0-0-py2.py3-none-any.whl,2.10.0,Yes,Yes,https://packages.redhat.com/pypi/public-trusted-libraries/main/integrity/semantic-version/2.10.0/semantic_version-2.10.0-0-py2.py3-none-any.whl/provenance/
semantic-version,semantic-version-2.10.0.tar.gz,2.10.0,No,Yes,https://packages.redhat.com/pypi/public-trusted-libraries/main/integrity/semantic-version/2.10.0/semantic-version-2.10.0.tar.gz/provenance/
semver,semver-3.0.4-0-py3-none-any.whl,3.0.4,Yes,Yes,https://packages.redhat.com/pypi/public-trusted-libraries/main/integrity/semver/3.0.4/semver-3.0.4-0-py3-none-any.whl/provenance/
semver,semver-3.0.4.tar.gz,3.0.4,No,Yes,https://packages.redhat.com/pypi/public-trusted-libraries/main/integrity/semver/3.0.4/semver-3.0.4.tar.gz/provenance/
setuptools,setuptools-69.5.1-0-py3-none-any.whl,69.5.1,Yes,Yes,https://packages.redhat.com/pypi/public-trusted-libraries/main/integrity/setuptools/69.5.1/setuptools-69.5.1-0-py3-none-any.whl/provenance/
setuptools,setuptools-80.10.2-0-py3-none-any.whl,80.10.2,Yes,Yes,https://packages.redhat.com/pypi/public-trusted-libraries/main/integrity/setuptools/80.10.2/setuptools-80.10.2-0-py3-none-any.whl/provenance/
setuptools,setuptools-82.0.0-0-py3-none-any.whl,82.0.0,Yes,Yes,https://packages.redhat.com/pypi/public-trusted-libraries/main/integrity/setuptools/82.0.0/setuptools-82.0.0-0-py3-none-any.whl/provenance/
setuptools,setuptools-69.5.1.tar.gz,69.5.1,No,Yes,https://packages.redhat.com/pypi/public-trusted-libraries/main/integrity/setuptools/69.5.1/setuptools-69.5.1.tar.gz/provenance/
setuptools,setuptools-80.10.2.tar.gz,80.10.2,No,Yes,https://packages.redhat.com/pypi/public-trusted-libraries/main/integrity/setuptools/80.10.2/setuptools-80.10.2.tar.gz/provenance/
setuptools,setuptools-82.0.0.tar.gz,82.0.0,No,Yes,https://packages.redhat.com/pypi/public-trusted-libraries/main/integrity/setuptools/82.0.0/setuptools-82.0.0.tar.gz/provenance/
setuptools,setuptools-81.0.0-0-py3-none-any.whl,81.0.0,Yes,Yes,https://packages.redhat.com/pypi/public-trusted-libraries/main/integrity/setuptools/81.0.0/setuptools-81.0.0-0-py3-none-any.whl/provenance/
setuptools,setuptools-81.0.0.tar.gz,81.0.0,No,Yes,https://packages.redhat.com/pypi/public-trusted-libraries/main/integrity/setuptools/81.0.0/setuptools-81.0.0.tar.gz/provenance/
setuptools,setuptools-75.3.4-0-py3-none-any.whl,75.3.4,Yes,Yes,https://packages.redhat.com/pypi/public-trusted-libraries/main/integrity/setuptools/75.3.4/setuptools-75.3.4-0-py3-none-any.whl/provenance/
setuptools,setuptools-75.3.4.tar.gz,75.3.4,No,Yes,https://packages.redhat.com/pypi/public-trusted-libraries/main/integrity/setuptools/75.3.4/setuptools-75.3.4.tar.gz/provenance/
setuptools-git-versioning,setuptools_git_versioning-3.0.1-0-py3-none-any.whl,3.0.1,Yes,Yes,https://packages.redhat.com/pypi/public-trusted-libraries/main/integrity/setuptools-git-versioning/3.0.1/setuptools_git_versioning-3.0.1-0-py3-none-any.whl/provenance/
setuptools-git-versioning,setuptools-git-versioning-3.0.1.tar.gz,3.0.1,No,Yes,https://packages.redhat.com/pypi/public-trusted-libraries/main/integrity/setuptools-git-versioning/3.0.1/setuptools-git-versioning-3.0.1.tar.gz/provenance/
setuptools-rust,setuptools_rust-1.12.0-0-py3-none-any.whl,1.12.0,Yes,Yes,https://packages.redhat.com/pypi/public-trusted-libraries/main/integrity/setuptools-rust/1.12.0/setuptools_rust-1.12.0-0-py3-none-any.whl/provenance/
setuptools-rust,setuptools-rust-1.12.0.tar.gz,1.12.0,No,Yes,https://packages.redhat.com/pypi/public-trusted-libraries/main/integrity/setuptools-rust/1.12.0/setuptools-rust-1.12.0.tar.gz/provenance/
setuptools-scm,setuptools_scm-7.1.0-0-py3-none-any.whl,7.1.0,Yes,Yes,https://packages.redhat.com/pypi/public-trusted-libraries/main/integrity/setuptools-scm/7.1.0/setuptools_scm-7.1.0-0-py3-none-any.whl/provenance/
setuptools-scm,setuptools_scm-9.2.2-0-py3-none-any.whl,9.2.2,Yes,Yes,https://packages.redhat.com/pypi/public-trusted-libraries/main/integrity/setuptools-scm/9.2.2/setuptools_scm-9.2.2-0-py3-none-any.whl/provenance/
setuptools-scm,setuptools-scm-9.2.2.tar.gz,9.2.2,No,Yes,https://packages.redhat.com/pypi/public-trusted-libraries/main/integrity/setuptools-scm/9.2.2/setuptools-scm-9.2.2.tar.gz/provenance/
setuptools-scm,setuptools_scm-7.1.0.tar.gz,7.1.0,No,Yes,https://packages.redhat.com/pypi/public-trusted-libraries/main/integrity/setuptools-scm/7.1.0/setuptools_scm-7.1.0.tar.gz/provenance/
shellingham,shellingham-1.5.4-0-py2.py3-none-any.whl,1.5.4,Yes,Yes,https://packages.redhat.com/pypi/public-trusted-libraries/main/integrity/shellingham/1.5.4/shellingham-1.5.4-0-py2.py3-none-any.whl/provenance/
shellingham,shellingham-1.5.4.tar.gz,1.5.4,No,Yes,https://packages.redhat.com/pypi/public-trusted-libraries/main/integrity/shellingham/1.5.4/shellingham-1.5.4.tar.gz/provenance/
simplejson,simplejson-3.20.2.tar.gz,3.20.2,No,Yes,https://packages.redhat.com/pypi/public-trusted-libraries/main/integrity/simplejson/3.20.2/simplejson-3.20.2.tar.gz/provenance/
simplejson,simplejson-3.20.2-0-cp312-cp312-linux_x86_64.whl,3.20.2,Yes,Yes,https://packages.redhat.com/pypi/public-trusted-libraries/main/integrity/simplejson/3.20.2/simplejson-3.20.2-0-cp312-cp312-linux_x86_64.whl/provenance/
simplejson,simplejson-3.20.2-0-cp312-cp312-manylinux1_x86_64.manylinux_2_28_x86_64.manylinux_2_5_x86_64.whl,3.20.2,Yes,Yes,https://packages.redhat.com/pypi/public-trusted-libraries/main/integrity/simplejson/3.20.2/simplejson-3.20.2-0-cp312-cp312-manylinux1_x86_64.manylinux_2_28_x86_64.manylinux_2_5_x86_64.whl/provenance/
six,six-1.17.0-0-py2.py3-none-any.whl,1.17.0,Yes,Yes,https://packages.redhat.com/pypi/public-trusted-libraries/main/integrity/six/1.17.0/six-1.17.0-0-py2.py3-none-any.whl/provenance/
six,six-1.17.0.tar.gz,1.17.0,No,Yes,https://packages.redhat.com/pypi/public-trusted-libraries/main/integrity/six/1.17.0/six-1.17.0.tar.gz/provenance/
smmap,smmap-5.0.2-0-py3-none-any.whl,5.0.2,Yes,Yes,https://packages.redhat.com/pypi/public-trusted-libraries/main/integrity/smmap/5.0.2/smmap-5.0.2-0-py3-none-any.whl/provenance/
smmap,smmap-5.0.2.tar.gz,5.0.2,No,Yes,https://packages.redhat.com/pypi/public-trusted-libraries/main/integrity/smmap/5.0.2/smmap-5.0.2.tar.gz/provenance/
sniffio,sniffio-1.3.1-0-py3-none-any.whl,1.3.1,Yes,Yes,https://packages.redhat.com/pypi/public-trusted-libraries/main/integrity/sniffio/1.3.1/sniffio-1.3.1-0-py3-none-any.whl/provenance/
sniffio,sniffio-1.3.1.tar.gz,1.3.1,No,Yes,https://packages.redhat.com/pypi/public-trusted-libraries/main/integrity/sniffio/1.3.1/sniffio-1.3.1.tar.gz/provenance/
sortedcontainers,sortedcontainers-2.4.0-0-py3-none-any.whl,2.4.0,Yes,Yes,https://packages.redhat.com/pypi/public-trusted-libraries/main/integrity/sortedcontainers/2.4.0/sortedcontainers-2.4.0-0-py3-none-any.whl/provenance/
sortedcontainers,sortedcontainers-2.4.0.tar.gz,2.4.0,No,Yes,https://packages.redhat.com/pypi/public-trusted-libraries/main/integrity/sortedcontainers/2.4.0/sortedcontainers-2.4.0.tar.gz/provenance/
sqlalchemy,sqlalchemy-2.1.0b1-0-cp312-cp312-manylinux2014_x86_64.manylinux_2_17_x86_64.manylinux_2_28_x86_64.whl,2.1.0b1,Yes,Yes,https://packages.redhat.com/pypi/public-trusted-libraries/main/integrity/sqlalchemy/2.1.0b1/sqlalchemy-2.1.0b1-0-cp312-cp312-manylinux2014_x86_64.manylinux_2_17_x86_64.manylinux_2_28_x86_64.whl/provenance/
sqlalchemy,sqlalchemy-2.1.0b1.tar.gz,2.1.0b1,No,Yes,https://packages.redhat.com/pypi/public-trusted-libraries/main/integrity/sqlalchemy/2.1.0b1/sqlalchemy-2.1.0b1.tar.gz/provenance/
sqlalchemy,sqlalchemy-2.0.47-0-cp312-cp312-manylinux2014_x86_64.manylinux_2_17_x86_64.manylinux_2_28_x86_64.whl,2.0.47,Yes,Yes,https://packages.redhat.com/pypi/public-trusted-libraries/main/integrity/sqlalchemy/2.0.47/sqlalchemy-2.0.47-0-cp312-cp312-manylinux2014_x86_64.manylinux_2_17_x86_64.manylinux_2_28_x86_64.whl/provenance/
sqlalchemy,SQLAlchemy-2.0.47.tar.gz,2.0.47,No,Yes,https://packages.redhat.com/pypi/public-trusted-libraries/main/integrity/sqlalchemy/2.0.47/SQLAlchemy-2.0.47.tar.gz/provenance/
sqlalchemy,sqlalchemy-2.0.47.tar.gz,2.0.47,No,Yes,https://packages.redhat.com/pypi/public-trusted-libraries/main/integrity/sqlalchemy/2.0.47/sqlalchemy-2.0.47.tar.gz/provenance/
sqlalchemy-utils,sqlalchemy_utils-0.42.1-0-py3-none-any.whl,0.42.1,Yes,Yes,https://packages.redhat.com/pypi/public-trusted-libraries/main/integrity/sqlalchemy-utils/0.42.1/sqlalchemy_utils-0.42.1-0-py3-none-any.whl/provenance/
sqlalchemy-utils,sqlalchemy-utils-0.42.1.tar.gz,0.42.1,No,Yes,https://packages.redhat.com/pypi/public-trusted-libraries/main/integrity/sqlalchemy-utils/0.42.1/sqlalchemy-utils-0.42.1.tar.gz/provenance/
sqlparse,sqlparse-0.5.5.tar.gz,0.5.5,No,Yes,https://packages.redhat.com/pypi/public-trusted-libraries/main/integrity/sqlparse/0.5.5/sqlparse-0.5.5.tar.gz/provenance/
sqlparse,sqlparse-0.5.5-0-py3-none-any.whl,0.5.5,Yes,Yes,https://packages.redhat.com/pypi/public-trusted-libraries/main/integrity/sqlparse/0.5.5/sqlparse-0.5.5-0-py3-none-any.whl/provenance/
sse-starlette,sse_starlette-3.2.0-0-py3-none-any.whl,3.2.0,Yes,Yes,https://packages.redhat.com/pypi/public-trusted-libraries/main/integrity/sse-starlette/3.2.0/sse_starlette-3.2.0-0-py3-none-any.whl/provenance/
sse-starlette,sse-starlette-3.2.0.tar.gz,3.2.0,No,Yes,https://packages.redhat.com/pypi/public-trusted-libraries/main/integrity/sse-starlette/3.2.0/sse-starlette-3.2.0.tar.gz/provenance/
stack-data,stack_data-0.6.3-0-py3-none-any.whl,0.6.3,Yes,Yes,https://packages.redhat.com/pypi/public-trusted-libraries/main/integrity/stack-data/0.6.3/stack_data-0.6.3-0-py3-none-any.whl/provenance/
stack-data,stack-data-0.6.3.tar.gz,0.6.3,No,Yes,https://packages.redhat.com/pypi/public-trusted-libraries/main/integrity/stack-data/0.6.3/stack-data-0.6.3.tar.gz/provenance/
starlette,starlette-0.52.1-0-py3-none-any.whl,0.52.1,Yes,Yes,https://packages.redhat.com/pypi/public-trusted-libraries/main/integrity/starlette/0.52.1/starlette-0.52.1-0-py3-none-any.whl/provenance/
starlette,starlette-0.52.1.tar.gz,0.52.1,No,Yes,https://packages.redhat.com/pypi/public-trusted-libraries/main/integrity/starlette/0.52.1/starlette-0.52.1.tar.gz/provenance/
stevedore,stevedore-5.7.0-0-py3-none-any.whl,5.7.0,Yes,Yes,https://packages.redhat.com/pypi/public-trusted-libraries/main/integrity/stevedore/5.7.0/stevedore-5.7.0-0-py3-none-any.whl/provenance/
stevedore,stevedore-5.7.0.tar.gz,5.7.0,No,Yes,https://packages.redhat.com/pypi/public-trusted-libraries/main/integrity/stevedore/5.7.0/stevedore-5.7.0.tar.gz/provenance/
structlog,structlog-25.5.0.tar.gz,25.5.0,No,Yes,https://packages.redhat.com/pypi/public-trusted-libraries/main/integrity/structlog/25.5.0/structlog-25.5.0.tar.gz/provenance/
structlog,structlog-25.5.0-0-py3-none-any.whl,25.5.0,Yes,Yes,https://packages.redhat.com/pypi/public-trusted-libraries/main/integrity/structlog/25.5.0/structlog-25.5.0-0-py3-none-any.whl/provenance/
tabulate,tabulate-0.9.0-0-py3-none-any.whl,0.9.0,Yes,Yes,https://packages.redhat.com/pypi/public-trusted-libraries/main/integrity/tabulate/0.9.0/tabulate-0.9.0-0-py3-none-any.whl/provenance/
tabulate,tabulate-0.9.0.tar.gz,0.9.0,No,Yes,https://packages.redhat.com/pypi/public-trusted-libraries/main/integrity/tabulate/0.9.0/tabulate-0.9.0.tar.gz/provenance/
tenacity,tenacity-9.1.4-0-py3-none-any.whl,9.1.4,Yes,Yes,https://packages.redhat.com/pypi/public-trusted-libraries/main/integrity/tenacity/9.1.4/tenacity-9.1.4-0-py3-none-any.whl/provenance/
tenacity,tenacity-9.1.4.tar.gz,9.1.4,No,Yes,https://packages.redhat.com/pypi/public-trusted-libraries/main/integrity/tenacity/9.1.4/tenacity-9.1.4.tar.gz/provenance/
termcolor,termcolor-3.3.0-0-py3-none-any.whl,3.3.0,Yes,Yes,https://packages.redhat.com/pypi/public-trusted-libraries/main/integrity/termcolor/3.3.0/termcolor-3.3.0-0-py3-none-any.whl/provenance/
termcolor,termcolor-3.3.0.tar.gz,3.3.0,No,Yes,https://packages.redhat.com/pypi/public-trusted-libraries/main/integrity/termcolor/3.3.0/termcolor-3.3.0.tar.gz/provenance/
text-unidecode,text_unidecode-1.3-0-py2.py3-none-any.whl,1.3,Yes,Yes,https://packages.redhat.com/pypi/public-trusted-libraries/main/integrity/text-unidecode/1.3/text_unidecode-1.3-0-py2.py3-none-any.whl/provenance/
text-unidecode,text-unidecode-1.3.tar.gz,1.3,No,Yes,https://packages.redhat.com/pypi/public-trusted-libraries/main/integrity/text-unidecode/1.3/text-unidecode-1.3.tar.gz/provenance/
toml,toml-0.10.2.tar.gz,0.10.2,No,Yes,https://packages.redhat.com/pypi/public-trusted-libraries/main/integrity/toml/0.10.2/toml-0.10.2.tar.gz/provenance/
toml,toml-0.10.2-0-py2.py3-none-any.whl,0.10.2,Yes,Yes,https://packages.redhat.com/pypi/public-trusted-libraries/main/integrity/toml/0.10.2/toml-0.10.2-0-py2.py3-none-any.whl/provenance/
tomli,tomli-2.4.0-0-py3-none-any.whl,2.4.0,Yes,Yes,https://packages.redhat.com/pypi/public-trusted-libraries/main/integrity/tomli/2.4.0/tomli-2.4.0-0-py3-none-any.whl/provenance/
tomli,tomli-2.4.0.tar.gz,2.4.0,No,Yes,https://packages.redhat.com/pypi/public-trusted-libraries/main/integrity/tomli/2.4.0/tomli-2.4.0.tar.gz/provenance/
tomlkit,tomlkit-0.14.0-0-py3-none-any.whl,0.14.0,Yes,Yes,https://packages.redhat.com/pypi/public-trusted-libraries/main/integrity/tomlkit/0.14.0/tomlkit-0.14.0-0-py3-none-any.whl/provenance/
tomlkit,tomlkit-0.14.0.tar.gz,0.14.0,No,Yes,https://packages.redhat.com/pypi/public-trusted-libraries/main/integrity/tomlkit/0.14.0/tomlkit-0.14.0.tar.gz/provenance/
toolz,toolz-1.1.0-0-py3-none-any.whl,1.1.0,Yes,Yes,https://packages.redhat.com/pypi/public-trusted-libraries/main/integrity/toolz/1.1.0/toolz-1.1.0-0-py3-none-any.whl/provenance/
toolz,toolz-1.1.0.tar.gz,1.1.0,No,Yes,https://packages.redhat.com/pypi/public-trusted-libraries/main/integrity/toolz/1.1.0/toolz-1.1.0.tar.gz/provenance/
tox,tox-4.39.0-0-py3-none-any.whl,4.39.0,Yes,Yes,https://packages.redhat.com/pypi/public-trusted-libraries/main/integrity/tox/4.39.0/tox-4.39.0-0-py3-none-any.whl/provenance/
tox,tox-4.39.0.tar.gz,4.39.0,No,Yes,https://packages.redhat.com/pypi/public-trusted-libraries/main/integrity/tox/4.39.0/tox-4.39.0.tar.gz/provenance/
tqdm,tqdm-4.67.3-0-py3-none-any.whl,4.67.3,Yes,Yes,https://packages.redhat.com/pypi/public-trusted-libraries/main/integrity/tqdm/4.67.3/tqdm-4.67.3-0-py3-none-any.whl/provenance/
tqdm,tqdm-4.67.3.tar.gz,4.67.3,No,Yes,https://packages.redhat.com/pypi/public-trusted-libraries/main/integrity/tqdm/4.67.3/tqdm-4.67.3.tar.gz/provenance/
traitlets,traitlets-5.14.3-0-py3-none-any.whl,5.14.3,Yes,Yes,https://packages.redhat.com/pypi/public-trusted-libraries/main/integrity/traitlets/5.14.3/traitlets-5.14.3-0-py3-none-any.whl/provenance/
traitlets,traitlets-5.14.3.tar.gz,5.14.3,No,Yes,https://packages.redhat.com/pypi/public-trusted-libraries/main/integrity/traitlets/5.14.3/traitlets-5.14.3.tar.gz/provenance/
trove-classifiers,trove_classifiers-2026.1.14.14-0-py3-none-any.whl,2026.1.14.14,Yes,Yes,https://packages.redhat.com/pypi/public-trusted-libraries/main/integrity/trove-classifiers/2026.1.14.14/trove_classifiers-2026.1.14.14-0-py3-none-any.whl/provenance/
trove-classifiers,trove-classifiers-2026.1.14.14.tar.gz,2026.1.14.14,No,Yes,https://packages.redhat.com/pypi/public-trusted-libraries/main/integrity/trove-classifiers/2026.1.14.14/trove-classifiers-2026.1.14.14.tar.gz/provenance/
typer,typer-0.22.0-0-py3-none-any.whl,0.22.0,Yes,Yes,https://packages.redhat.com/pypi/public-trusted-libraries/main/integrity/typer/0.22.0/typer-0.22.0-0-py3-none-any.whl/provenance/
typer,typer-0.22.0.tar.gz,0.22.0,No,Yes,https://packages.redhat.com/pypi/public-trusted-libraries/main/integrity/typer/0.22.0/typer-0.22.0.tar.gz/provenance/
typer,typer-0.23.1-0-py3-none-any.whl,0.23.1,Yes,Yes,https://packages.redhat.com/pypi/public-trusted-libraries/main/integrity/typer/0.23.1/typer-0.23.1-0-py3-none-any.whl/provenance/
typer,typer-0.23.1.tar.gz,0.23.1,No,Yes,https://packages.redhat.com/pypi/public-trusted-libraries/main/integrity/typer/0.23.1/typer-0.23.1.tar.gz/provenance/
types-psutil,types_psutil-7.2.2.20260130-0-py3-none-any.whl,7.2.2.20260130,Yes,Yes,https://packages.redhat.com/pypi/public-trusted-libraries/main/integrity/types-psutil/7.2.2.20260130/types_psutil-7.2.2.20260130-0-py3-none-any.whl/provenance/
types-psutil,types-psutil-7.2.2.20260130.tar.gz,7.2.2.20260130,No,Yes,https://packages.redhat.com/pypi/public-trusted-libraries/main/integrity/types-psutil/7.2.2.20260130/types-psutil-7.2.2.20260130.tar.gz/provenance/
types-python-dateutil,types_python_dateutil-2.9.0.20260124-0-py3-none-any.whl,2.9.0.20260124,Yes,Yes,https://packages.redhat.com/pypi/public-trusted-libraries/main/integrity/types-python-dateutil/2.9.0.20260124/types_python_dateutil-2.9.0.20260124-0-py3-none-any.whl/provenance/
types-python-dateutil,types-python-dateutil-2.9.0.20260124.tar.gz,2.9.0.20260124,No,Yes,https://packages.redhat.com/pypi/public-trusted-libraries/main/integrity/types-python-dateutil/2.9.0.20260124/types-python-dateutil-2.9.0.20260124.tar.gz/provenance/
types-pytz,types_pytz-2025.2.0.20251108-0-py3-none-any.whl,2025.2.0.20251108,Yes,Yes,https://packages.redhat.com/pypi/public-trusted-libraries/main/integrity/types-pytz/2025.2.0.20251108/types_pytz-2025.2.0.20251108-0-py3-none-any.whl/provenance/
types-pytz,types-pytz-2025.2.0.20251108.tar.gz,2025.2.0.20251108,No,Yes,https://packages.redhat.com/pypi/public-trusted-libraries/main/integrity/types-pytz/2025.2.0.20251108/types-pytz-2025.2.0.20251108.tar.gz/provenance/
types-pyyaml,types_pyyaml-6.0.12.20250915-0-py3-none-any.whl,6.0.12.20250915,Yes,Yes,https://packages.redhat.com/pypi/public-trusted-libraries/main/integrity/types-pyyaml/6.0.12.20250915/types_pyyaml-6.0.12.20250915-0-py3-none-any.whl/provenance/
types-pyyaml,types-pyyaml-6.0.12.20250915.tar.gz,6.0.12.20250915,No,Yes,https://packages.redhat.com/pypi/public-trusted-libraries/main/integrity/types-pyyaml/6.0.12.20250915/types-pyyaml-6.0.12.20250915.tar.gz/provenance/
types-requests,types_requests-2.32.4.20260107-0-py3-none-any.whl,2.32.4.20260107,Yes,Yes,https://packages.redhat.com/pypi/public-trusted-libraries/main/integrity/types-requests/2.32.4.20260107/types_requests-2.32.4.20260107-0-py3-none-any.whl/provenance/
types-requests,types-requests-2.32.4.20260107.tar.gz,2.32.4.20260107,No,Yes,https://packages.redhat.com/pypi/public-trusted-libraries/main/integrity/types-requests/2.32.4.20260107/types-requests-2.32.4.20260107.tar.gz/provenance/
types-setuptools,types_setuptools-81.0.0.20260209-0-py3-none-any.whl,81.0.0.20260209,Yes,Yes,https://packages.redhat.com/pypi/public-trusted-libraries/main/integrity/types-setuptools/81.0.0.20260209/types_setuptools-81.0.0.20260209-0-py3-none-any.whl/provenance/
types-setuptools,types-setuptools-81.0.0.20260209.tar.gz,81.0.0.20260209,No,Yes,https://packages.redhat.com/pypi/public-trusted-libraries/main/integrity/types-setuptools/81.0.0.20260209/types-setuptools-81.0.0.20260209.tar.gz/provenance/
types-setuptools,types_setuptools-80.10.0.20260124-0-py3-none-any.whl,80.10.0.20260124,Yes,Yes,https://packages.redhat.com/pypi/public-trusted-libraries/main/integrity/types-setuptools/80.10.0.20260124/types_setuptools-80.10.0.20260124-0-py3-none-any.whl/provenance/
types-setuptools,types-setuptools-80.10.0.20260124.tar.gz,80.10.0.20260124,No,Yes,https://packages.redhat.com/pypi/public-trusted-libraries/main/integrity/types-setuptools/80.10.0.20260124/types-setuptools-80.10.0.20260124.tar.gz/provenance/
types-setuptools,types_setuptools-82.0.0.20260210-0-py3-none-any.whl,82.0.0.20260210,Yes,Yes,https://packages.redhat.com/pypi/public-trusted-libraries/main/integrity/types-setuptools/82.0.0.20260210/types_setuptools-82.0.0.20260210-0-py3-none-any.whl/provenance/
types-setuptools,types-setuptools-82.0.0.20260210.tar.gz,82.0.0.20260210,No,Yes,https://packages.redhat.com/pypi/public-trusted-libraries/main/integrity/types-setuptools/82.0.0.20260210/types-setuptools-82.0.0.20260210.tar.gz/provenance/
types-toml,types_toml-0.10.8.20240310-0-py3-none-any.whl,0.10.8.20240310,Yes,Yes,https://packages.redhat.com/pypi/public-trusted-libraries/main/integrity/types-toml/0.10.8.20240310/types_toml-0.10.8.20240310-0-py3-none-any.whl/provenance/
types-toml,types-toml-0.10.8.20240310.tar.gz,0.10.8.20240310,No,Yes,https://packages.redhat.com/pypi/public-trusted-libraries/main/integrity/types-toml/0.10.8.20240310/types-toml-0.10.8.20240310.tar.gz/provenance/
types-urllib3,types_urllib3-1.26.25.14-0-py3-none-any.whl,1.26.25.14,Yes,Yes,https://packages.redhat.com/pypi/public-trusted-libraries/main/integrity/types-urllib3/1.26.25.14/types_urllib3-1.26.25.14-0-py3-none-any.whl/provenance/
types-urllib3,types-urllib3-1.26.25.14.tar.gz,1.26.25.14,No,Yes,https://packages.redhat.com/pypi/public-trusted-libraries/main/integrity/types-urllib3/1.26.25.14/types-urllib3-1.26.25.14.tar.gz/provenance/
typing-extensions,typing_extensions-4.15.0-0-py3-none-any.whl,4.15.0,Yes,Yes,https://packages.redhat.com/pypi/public-trusted-libraries/main/integrity/typing-extensions/4.15.0/typing_extensions-4.15.0-0-py3-none-any.whl/provenance/
typing-extensions,typing_extensions-4.15.0.tar.gz,4.15.0,No,Yes,https://packages.redhat.com/pypi/public-trusted-libraries/main/integrity/typing-extensions/4.15.0/typing_extensions-4.15.0.tar.gz/provenance/
typing-inspection,typing_inspection-0.4.2-0-py3-none-any.whl,0.4.2,Yes,Yes,https://packages.redhat.com/pypi/public-trusted-libraries/main/integrity/typing-inspection/0.4.2/typing_inspection-0.4.2-0-py3-none-any.whl/provenance/
typing-inspection,typing-inspection-0.4.2.tar.gz,0.4.2,No,Yes,https://packages.redhat.com/pypi/public-trusted-libraries/main/integrity/typing-inspection/0.4.2/typing-inspection-0.4.2.tar.gz/provenance/
tzdata,tzdata-2025.3-0-py2.py3-none-any.whl,2025.3,Yes,Yes,https://packages.redhat.com/pypi/public-trusted-libraries/main/integrity/tzdata/2025.3/tzdata-2025.3-0-py2.py3-none-any.whl/provenance/
tzdata,tzdata-2025.3.tar.gz,2025.3,No,Yes,https://packages.redhat.com/pypi/public-trusted-libraries/main/integrity/tzdata/2025.3/tzdata-2025.3.tar.gz/provenance/
tzlocal,tzlocal-5.3.1-0-py3-none-any.whl,5.3.1,Yes,Yes,https://packages.redhat.com/pypi/public-trusted-libraries/main/integrity/tzlocal/5.3.1/tzlocal-5.3.1-0-py3-none-any.whl/provenance/
tzlocal,tzlocal-5.3.1.tar.gz,5.3.1,No,Yes,https://packages.redhat.com/pypi/public-trusted-libraries/main/integrity/tzlocal/5.3.1/tzlocal-5.3.1.tar.gz/provenance/
unidecode,unidecode-1.4.0-0-py3-none-any.whl,1.4.0,Yes,Yes,https://packages.redhat.com/pypi/public-trusted-libraries/main/integrity/unidecode/1.4.0/unidecode-1.4.0-0-py3-none-any.whl/provenance/
unidecode,unidecode-1.4.0.tar.gz,1.4.0,No,Yes,https://packages.redhat.com/pypi/public-trusted-libraries/main/integrity/unidecode/1.4.0/unidecode-1.4.0.tar.gz/provenance/
uritemplate,uritemplate-4.2.0-0-py3-none-any.whl,4.2.0,Yes,Yes,https://packages.redhat.com/pypi/public-trusted-libraries/main/integrity/uritemplate/4.2.0/uritemplate-4.2.0-0-py3-none-any.whl/provenance/
uritemplate,uritemplate-4.2.0.tar.gz,4.2.0,No,Yes,https://packages.redhat.com/pypi/public-trusted-libraries/main/integrity/uritemplate/4.2.0/uritemplate-4.2.0.tar.gz/provenance/
urllib3,urllib3-2.6.3-0-py3-none-any.whl,2.6.3,Yes,Yes,https://packages.redhat.com/pypi/public-trusted-libraries/main/integrity/urllib3/2.6.3/urllib3-2.6.3-0-py3-none-any.whl/provenance/
urllib3,urllib3-2.6.3.tar.gz,2.6.3,No,Yes,https://packages.redhat.com/pypi/public-trusted-libraries/main/integrity/urllib3/2.6.3/urllib3-2.6.3.tar.gz/provenance/
uvicorn,uvicorn-0.41.0-0-py3-none-any.whl,0.41.0,Yes,Yes,https://packages.redhat.com/pypi/public-trusted-libraries/main/integrity/uvicorn/0.41.0/uvicorn-0.41.0-0-py3-none-any.whl/provenance/
uvicorn,uvicorn-0.41.0.tar.gz,0.41.0,No,Yes,https://packages.redhat.com/pypi/public-trusted-libraries/main/integrity/uvicorn/0.41.0/uvicorn-0.41.0.tar.gz/provenance/
validators,validators-0.35.0.tar.gz,0.35.0,No,Yes,https://packages.redhat.com/pypi/public-trusted-libraries/main/integrity/validators/0.35.0/validators-0.35.0.tar.gz/provenance/
validators,validators-0.35.0-0-py3-none-any.whl,0.35.0,Yes,Yes,https://packages.redhat.com/pypi/public-trusted-libraries/main/integrity/validators/0.35.0/validators-0.35.0-0-py3-none-any.whl/provenance/
versioneer,versioneer-0.29-0-py3-none-any.whl,0.29,Yes,Yes,https://packages.redhat.com/pypi/public-trusted-libraries/main/integrity/versioneer/0.29/versioneer-0.29-0-py3-none-any.whl/provenance/
versioneer,versioneer-0.29.tar.gz,0.29,No,Yes,https://packages.redhat.com/pypi/public-trusted-libraries/main/integrity/versioneer/0.29/versioneer-0.29.tar.gz/provenance/
vine,vine-5.1.0-0-py3-none-any.whl,5.1.0,Yes,Yes,https://packages.redhat.com/pypi/public-trusted-libraries/main/integrity/vine/5.1.0/vine-5.1.0-0-py3-none-any.whl/provenance/
vine,vine-5.1.0.tar.gz,5.1.0,No,Yes,https://packages.redhat.com/pypi/public-trusted-libraries/main/integrity/vine/5.1.0/vine-5.1.0.tar.gz/provenance/
virtualenv,virtualenv-20.38.0-0-py3-none-any.whl,20.38.0,Yes,Yes,https://packages.redhat.com/pypi/public-trusted-libraries/main/integrity/virtualenv/20.38.0/virtualenv-20.38.0-0-py3-none-any.whl/provenance/
virtualenv,virtualenv-20.38.0.tar.gz,20.38.0,No,Yes,https://packages.redhat.com/pypi/public-trusted-libraries/main/integrity/virtualenv/20.38.0/virtualenv-20.38.0.tar.gz/provenance/
virtualenv,virtualenv-20.39.0-0-py3-none-any.whl,20.39.0,Yes,Yes,https://packages.redhat.com/pypi/public-trusted-libraries/main/integrity/virtualenv/20.39.0/virtualenv-20.39.0-0-py3-none-any.whl/provenance/
virtualenv,virtualenv-20.39.0.tar.gz,20.39.0,No,Yes,https://packages.redhat.com/pypi/public-trusted-libraries/main/integrity/virtualenv/20.39.0/virtualenv-20.39.0.tar.gz/provenance/
wcwidth,wcwidth-0.6.0-0-py3-none-any.whl,0.6.0,Yes,Yes,https://packages.redhat.com/pypi/public-trusted-libraries/main/integrity/wcwidth/0.6.0/wcwidth-0.6.0-0-py3-none-any.whl/provenance/
wcwidth,wcwidth-0.6.0.tar.gz,0.6.0,No,Yes,https://packages.redhat.com/pypi/public-trusted-libraries/main/integrity/wcwidth/0.6.0/wcwidth-0.6.0.tar.gz/provenance/
webencodings,webencodings-0.5.1-0-py2.py3-none-any.whl,0.5.1,Yes,Yes,https://packages.redhat.com/pypi/public-trusted-libraries/main/integrity/webencodings/0.5.1/webencodings-0.5.1-0-py2.py3-none-any.whl/provenance/
webencodings,webencodings-0.5.1.tar.gz,0.5.1,No,Yes,https://packages.redhat.com/pypi/public-trusted-libraries/main/integrity/webencodings/0.5.1/webencodings-0.5.1.tar.gz/provenance/
websocket-client,websocket_client-1.9.0-0-py3-none-any.whl,1.9.0,Yes,Yes,https://packages.redhat.com/pypi/public-trusted-libraries/main/integrity/websocket-client/1.9.0/websocket_client-1.9.0-0-py3-none-any.whl/provenance/
websocket-client,websocket-client-1.9.0.tar.gz,1.9.0,No,Yes,https://packages.redhat.com/pypi/public-trusted-libraries/main/integrity/websocket-client/1.9.0/websocket-client-1.9.0.tar.gz/provenance/
werkzeug,werkzeug-3.1.6-0-py3-none-any.whl,3.1.6,Yes,Yes,https://packages.redhat.com/pypi/public-trusted-libraries/main/integrity/werkzeug/3.1.6/werkzeug-3.1.6-0-py3-none-any.whl/provenance/
werkzeug,werkzeug-3.1.6.tar.gz,3.1.6,No,Yes,https://packages.redhat.com/pypi/public-trusted-libraries/main/integrity/werkzeug/3.1.6/werkzeug-3.1.6.tar.gz/provenance/
werkzeug,werkzeug-3.1.5-0-py3-none-any.whl,3.1.5,Yes,Yes,https://packages.redhat.com/pypi/public-trusted-libraries/main/integrity/werkzeug/3.1.5/werkzeug-3.1.5-0-py3-none-any.whl/provenance/
werkzeug,Werkzeug-3.1.6.tar.gz,3.1.6,No,Yes,https://packages.redhat.com/pypi/public-trusted-libraries/main/integrity/werkzeug/3.1.6/Werkzeug-3.1.6.tar.gz/provenance/
werkzeug,werkzeug-3.1.5.tar.gz,3.1.5,No,Yes,https://packages.redhat.com/pypi/public-trusted-libraries/main/integrity/werkzeug/3.1.5/werkzeug-3.1.5.tar.gz/provenance/
wheel,wheel-0.46.3-0-py3-none-any.whl,0.46.3,Yes,Yes,https://packages.redhat.com/pypi/public-trusted-libraries/main/integrity/wheel/0.46.3/wheel-0.46.3-0-py3-none-any.whl/provenance/
wheel,wheel-0.46.3.tar.gz,0.46.3,No,Yes,https://packages.redhat.com/pypi/public-trusted-libraries/main/integrity/wheel/0.46.3/wheel-0.46.3.tar.gz/provenance/
wrapt,wrapt-2.1.1-0-cp312-cp312-manylinux1_x86_64.manylinux_2_28_x86_64.manylinux_2_5_x86_64.whl,2.1.1,Yes,Yes,https://packages.redhat.com/pypi/public-trusted-libraries/main/integrity/wrapt/2.1.1/wrapt-2.1.1-0-cp312-cp312-manylinux1_x86_64.manylinux_2_28_x86_64.manylinux_2_5_x86_64.whl/provenance/
wrapt,wrapt-2.1.1.tar.gz,2.1.1,No,Yes,https://packages.redhat.com/pypi/public-trusted-libraries/main/integrity/wrapt/2.1.1/wrapt-2.1.1.tar.gz/provenance/
wrapt,wrapt-1.17.3-0-cp312-cp312-manylinux1_x86_64.manylinux_2_28_x86_64.manylinux_2_5_x86_64.whl,1.17.3,Yes,Yes,https://packages.redhat.com/pypi/public-trusted-libraries/main/integrity/wrapt/1.17.3/wrapt-1.17.3-0-cp312-cp312-manylinux1_x86_64.manylinux_2_28_x86_64.manylinux_2_5_x86_64.whl/provenance/
wrapt,wrapt-1.17.3.tar.gz,1.17.3,No,Yes,https://packages.redhat.com/pypi/public-trusted-libraries/main/integrity/wrapt/1.17.3/wrapt-1.17.3.tar.gz/provenance/
wrapt,wrapt-2.1.0-0-cp312-cp312-manylinux1_x86_64.manylinux_2_28_x86_64.manylinux_2_5_x86_64.whl,2.1.0,Yes,Yes,https://packages.redhat.com/pypi/public-trusted-libraries/main/integrity/wrapt/2.1.0/wrapt-2.1.0-0-cp312-cp312-manylinux1_x86_64.manylinux_2_28_x86_64.manylinux_2_5_x86_64.whl/provenance/
wrapt,wrapt-2.1.0.tar.gz,2.1.0,No,Yes,https://packages.redhat.com/pypi/public-trusted-libraries/main/integrity/wrapt/2.1.0/wrapt-2.1.0.tar.gz/provenance/
wsproto,wsproto-1.3.2-0-py3-none-any.whl,1.3.2,Yes,Yes,https://packages.redhat.com/pypi/public-trusted-libraries/main/integrity/wsproto/1.3.2/wsproto-1.3.2-0-py3-none-any.whl/provenance/
wsproto,wsproto-1.3.2.tar.gz,1.3.2,No,Yes,https://packages.redhat.com/pypi/public-trusted-libraries/main/integrity/wsproto/1.3.2/wsproto-1.3.2.tar.gz/provenance/
wtforms,wtforms-3.2.1-0-py3-none-any.whl,3.2.1,Yes,Yes,https://packages.redhat.com/pypi/public-trusted-libraries/main/integrity/wtforms/3.2.1/wtforms-3.2.1-0-py3-none-any.whl/provenance/
wtforms,wtforms-3.2.1.tar.gz,3.2.1,No,Yes,https://packages.redhat.com/pypi/public-trusted-libraries/main/integrity/wtforms/3.2.1/wtforms-3.2.1.tar.gz/provenance/
xlrd,xlrd-2.0.2-0-py2.py3-none-any.whl,2.0.2,Yes,Yes,https://packages.redhat.com/pypi/public-trusted-libraries/main/integrity/xlrd/2.0.2/xlrd-2.0.2-0-py2.py3-none-any.whl/provenance/
xlrd,xlrd-2.0.2.tar.gz,2.0.2,No,Yes,https://packages.redhat.com/pypi/public-trusted-libraries/main/integrity/xlrd/2.0.2/xlrd-2.0.2.tar.gz/provenance/
xlsxwriter,xlsxwriter-3.2.9-0-py3-none-any.whl,3.2.9,Yes,Yes,https://packages.redhat.com/pypi/public-trusted-libraries/main/integrity/xlsxwriter/3.2.9/xlsxwriter-3.2.9-0-py3-none-any.whl/provenance/
xlsxwriter,xlsxwriter-3.2.9.tar.gz,3.2.9,No,Yes,https://packages.redhat.com/pypi/public-trusted-libraries/main/integrity/xlsxwriter/3.2.9/xlsxwriter-3.2.9.tar.gz/provenance/
xmltodict,xmltodict-1.0.3-0-py3-none-any.whl,1.0.3,Yes,Yes,https://packages.redhat.com/pypi/public-trusted-libraries/main/integrity/xmltodict/1.0.3/xmltodict-1.0.3-0-py3-none-any.whl/provenance/
xmltodict,xmltodict-1.0.3.tar.gz,1.0.3,No,Yes,https://packages.redhat.com/pypi/public-trusted-libraries/main/integrity/xmltodict/1.0.3/xmltodict-1.0.3.tar.gz/provenance/
xmltodict,xmltodict-1.0.4-0-py3-none-any.whl,1.0.4,Yes,Yes,https://packages.redhat.com/pypi/public-trusted-libraries/main/integrity/xmltodict/1.0.4/xmltodict-1.0.4-0-py3-none-any.whl/provenance/
xmltodict,xmltodict-1.0.4.tar.gz,1.0.4,No,Yes,https://packages.redhat.com/pypi/public-trusted-libraries/main/integrity/xmltodict/1.0.4/xmltodict-1.0.4.tar.gz/provenance/
xmltodict,xmltodict-1.0.2-0-py3-none-any.whl,1.0.2,Yes,Yes,https://packages.redhat.com/pypi/public-trusted-libraries/main/integrity/xmltodict/1.0.2/xmltodict-1.0.2-0-py3-none-any.whl/provenance/
xmltodict,xmltodict-1.0.2.tar.gz,1.0.2,No,Yes,https://packages.redhat.com/pypi/public-trusted-libraries/main/integrity/xmltodict/1.0.2/xmltodict-1.0.2.tar.gz/provenance/
yamllint,yamllint-1.38.0-0-py3-none-any.whl,1.38.0,Yes,Yes,https://packages.redhat.com/pypi/public-trusted-libraries/main/integrity/yamllint/1.38.0/yamllint-1.38.0-0-py3-none-any.whl/provenance/
yamllint,yamllint-1.38.0.tar.gz,1.38.0,No,Yes,https://packages.redhat.com/pypi/public-trusted-libraries/main/integrity/yamllint/1.38.0/yamllint-1.38.0.tar.gz/provenance/
yarl,yarl-1.22.0-0-cp312-cp312-manylinux2014_x86_64.manylinux_2_17_x86_64.manylinux_2_28_x86_64.whl,1.22.0,Yes,Yes,https://packages.redhat.com/pypi/public-trusted-libraries/main/integrity/yarl/1.22.0/yarl-1.22.0-0-cp312-cp312-manylinux2014_x86_64.manylinux_2_17_x86_64.manylinux_2_28_x86_64.whl/provenance/
yarl,yarl-1.22.0.tar.gz,1.22.0,No,Yes,https://packages.redhat.com/pypi/public-trusted-libraries/main/integrity/yarl/1.22.0/yarl-1.22.0.tar.gz/provenance/
zipp,zipp-3.23.0-0-py3-none-any.whl,3.23.0,Yes,Yes,https://packages.redhat.com/pypi/public-trusted-libraries/main/integrity/zipp/3.23.0/zipp-3.23.0-0-py3-none-any.whl/provenance/
zipp,zipp-3.23.0.tar.gz,3.23.0,No,Yes,https://packages.redhat.com/pypi/public-trusted-libraries/main/integrity/zipp/3.23.0/zipp-3.23.0.tar.gz/provenance/
